,Unnamed: 0,state_entry,term,school_name,t_class,t_title,t_level,t_mingrade,gt_class,gt_title,gt_ch
54,54,Alabama,Fall 2021,Alabama Agric Mech University,0,0,0,0,0,0,0
105,105,Alabama,Fall 2021,Alabama State University,0,0,0,0,0,0,0
146,146,Alabama,Fall 2021,Auburn Univ Montgomery,0,0,0,0,0,0,0
214,214,Alabama,Fall 2021,Auburn University,0,0,0,0,0,0,0
539,539,Alabama,Fall 2021,Bevill State Cmty Coll Brewer,0,0,0,0,0,0,0
554,554,Alabama,Fall 2021,Birmingham Southern College,0,0,0,0,0,0,0
608,608,Alabama,Fall 2021,Bishop State Cmty Coll,0,0,0,0,0,0,0
636,636,Alabama,Fall 2021,Calhoun Community College,0,0,0,0,0,0,0
709,709,Alabama,Fall 2021,Centrl Alabama C C Childsbrg,0,0,0,0,0,0,0
851,851,Alabama,Fall 2021,Faulkner University,0,0,0,0,0,0,0
892,892,Alabama,Fall 2021,Gadsden St Cmty College,0,0,0,0,0,0,0
925,925,Alabama,Fall 2021,Geo C Wallace Community Colg,0,0,0,0,0,0,0
971,971,Alabama,Fall 2021,Jacksonville St University,0,0,0,0,0,0,0
1025,1025,Alabama,Fall 2021,Jefferson State Cmty Coll,0,0,0,0,0,0,0
1097,1097,Alabama,Fall 2021,Marion Military Institute,0,0,0,0,0,0,0
1146,1146,Alabama,Fall 2021,Northwst-Shoals Cmty Coll,0,0,0,0,0,0,0
1176,1176,Alabama,Fall 2021,Oakwood University,0,0,0,0,0,0,0
1200,1200,Alabama,Fall 2021,Samford University,0,0,0,0,0,0,0
1280,1280,Alabama,Fall 2021,Shelton State Cmnty College,0,0,0,0,0,0,0
1314,1314,Alabama,Fall 2021,Snead State Community College,0,0,0,0,0,0,0
1365,1365,Alabama,Fall 2021,Southrn Union St Comm Coll Wad,0,0,0,0,0,0,0
1516,1516,Alabama,Fall 2021,Troy University,0,0,0,0,0,0,0
1580,1580,Alabama,Fall 2021,Tuskegee University,0,0,0,0,0,0,0
1658,1658,Alabama,Fall 2021,Univ Alabama Birmingham,0,0,0,0,0,0,0
1793,1793,Alabama,Fall 2021,Univ Alabama Huntsville,0,0,0,0,0,0,0
1906,1906,Alabama,Fall 2021,Univ Alabama Tuscaloosa*,0,0,0,0,0,0,0
2126,2126,Alabama,Fall 2021,Univ South Alabama,0,0,0,0,0,0,0
2214,2214,Alabama,Fall 2021,University Of West Alabama,0,0,0,0,0,0,0
2263,2263,Alaska,Fall 2021,Univ Alaska Anchorage,0,0,0,0,0,0,0
2292,2292,Alaska,Fall 2021,Univ Alaska Fairbanks*,0,0,0,0,0,0,0
2328,2328,Alaska,Fall 2021,Univ of Alaska-Fairbanks*,0,0,0,0,0,0,0
2362,2362,Arizona,Fall 2021,Arizona State Univ-West,0,0,0,0,0,0,0
2453,2453,Arizona,Fall 2021,Arizona State University,0,0,0,0,0,0,0
2700,2700,Arizona,Fall 2021,Arizona Western College,0,0,0,0,0,0,0
2752,2752,Arizona,Fall 2021,Central Arizona College,0,0,0,0,0,0,0
2770,2770,Arizona,Fall 2021,Chandler Gilbert Cmty College,0,0,0,0,0,0,0
2808,2808,Arizona,Fall 2021,Cochise College,0,0,0,0,0,0,0
2853,2853,Arizona,Fall 2021,Estrella Mountain Cmty Coll,0,0,0,0,0,0,0
2910,2910,Arizona,Fall 2021,Gateway Cmty College,0,0,0,0,0,0,0
2960,2960,Arizona,Fall 2021,Glendale Community College,0,0,0,0,0,0,0
3004,3004,Arizona,Fall 2021,Grand Canyon University,0,0,0,0,0,0,0
3029,3029,Arizona,Fall 2021,Mesa Community College,0,0,0,0,0,0,0
3135,3135,Arizona,Fall 2021,Northern Arizona University,0,0,0,0,0,0,0
3183,3183,Arizona,Fall 2021,Northland Pioneer College,0,0,0,0,0,0,0
3212,3212,Arizona,Fall 2021,Paradise Valley Cmty Coll Cntr,0,0,0,0,0,0,0
3247,3247,Arizona,Fall 2021,Phoenix College,0,0,0,0,0,0,0
3280,3280,Arizona,Fall 2021,Pima Cmty College,0,0,0,0,0,0,0
3320,3320,Arizona,Fall 2021,Rio Salado College,0,0,0,0,0,0,0
3369,3369,Arizona,Fall 2021,Scottsdale Community College,0,0,0,0,0,0,0
3423,3423,Arizona,Fall 2021,South Mountain Cmty College,0,0,0,0,0,0,0
3453,3453,Arizona,Fall 2021,Univ Phoenix,0,0,0,0,0,0,0
3508,3508,Arizona,Fall 2021,University Of Arizona,0,0,0,0,0,0,0
3642,3642,Arizona,Fall 2021,Yavapai College,0,0,0,0,0,0,0
3683,3683,Arkansas,Fall 2021,Arkansas State Univ-Jonesboro,0,0,0,0,0,0,0
3718,3718,Arkansas,Fall 2021,Arkansas Tech University,0,0,0,0,0,0,0
3748,3748,Arkansas,Fall 2021,Harding University,0,0,0,0,0,0,0
3828,3828,Arkansas,Fall 2021,Henderson State University,0,0,0,0,0,0,0
3865,3865,Arkansas,Fall 2021,Hendrix College,0,0,0,0,0,0,0
3960,3960,Arkansas,Fall 2021,Uni of Arkan-Pulaski Tech Col,0,0,0,0,0,0,0
3999,3999,Arkansas,Fall 2021,Univ Arkansas At Little Rock,0,0,0,0,0,0,0
4041,4041,Arkansas,Fall 2021,Univ Arkansas Fayetteville*,0,0,0,0,0,0,0
4128,4128,Arkansas,Fall 2021,Univ Central Arkansas,0,0,0,0,0,0,0
4148,4148,Arkansas,Fall 2021,Univ Of Arkansas Fort Smith,0,0,0,0,0,0,0
4177,4177,California,Fall 2021,American River College*,0,0,0,0,0,0,0
4256,4256,California,Fall 2021,Antelope Valley College,0,0,0,0,0,0,0
4305,4305,California,Fall 2021,Bakersfield College,0,0,0,0,0,0,0
4332,4332,California,Fall 2021,Berkeley City College,0,0,0,0,0,0,0
4365,4365,California,Fall 2021,Biola University,0,0,0,0,0,0,0
4375,4375,California,Fall 2021,Butte College,0,0,0,0,0,0,0
4403,4403,California,Fall 2021,Cabrillo College,0,0,0,0,0,0,0
4467,4467,California,Fall 2021,Cal Poly St U-San Luis Obispo,0,0,0,0,0,0,0
4498,4498,California,Fall 2021,Calif Institute Tech,0,0,0,0,0,0,0
4552,4552,California,Fall 2021,Calif Lutheran University,0,0,0,0,0,0,0
4636,4636,California,Fall 2021,Calif St Univ Chico,0,0,0,0,0,0,0
4659,4659,California,Fall 2021,Calif St Univ Dominguez Hills,0,0,0,0,0,0,0
4682,4682,California,Fall 2021,Calif St Univ Fresno,0,0,0,0,0,0,0
4696,4696,California,Fall 2021,Calif St Univ Fullerton,0,0,0,0,0,0,0
4714,4714,California,Fall 2021,Calif St Univ Long Beach,0,0,0,0,0,0,0
4757,4757,California,Fall 2021,Calif St Univ Monterey Bay,0,0,0,0,0,0,0
4774,4774,California,Fall 2021,Calif St Univ Northridge,0,0,0,0,0,0,0
4822,4822,California,Fall 2021,Calif St Univ Sacramento,0,0,0,0,0,0,0
4830,4830,California,Fall 2021,Calif St Univ San Bernardino,0,0,0,0,0,0,0
4871,4871,California,Fall 2021,Calif St Univ Stanislaus,0,0,0,0,0,0,0
4899,4899,California,Fall 2021,California State U Los Angeles,0,0,0,0,0,0,0
4928,4928,California,Fall 2021,Canada College,0,0,0,0,0,0,0
5016,5016,California,Fall 2021,Cerritos College,0,0,0,0,0,0,0
5029,5029,California,Fall 2021,Cerro Coso Cmty College,0,0,0,0,0,0,0
5037,5037,California,Fall 2021,Chabot College,0,0,0,0,0,0,0
5154,5154,California,Fall 2021,Chaffey College,0,0,0,0,0,0,0
5187,5187,California,Fall 2021,Chapman University,0,0,0,0,0,0,0
5218,5218,California,Fall 2021,Citrus College,0,0,0,0,0,0,0
5269,5269,California,Fall 2021,City College San Francisco,0,0,0,0,0,0,0
5316,5316,California,Fall 2021,Claremont Mckenna College,0,0,0,0,0,0,0
5333,5333,California,Fall 2021,Clovis Community College CA,0,0,0,0,0,0,0
5371,5371,California,Fall 2021,Coastline Cmty College,0,0,0,0,0,0,0
5397,5397,California,Fall 2021,Coll Canyons,0,0,0,0,0,0,0
5453,5453,California,Fall 2021,Coll San Mateo,0,0,0,0,0,0,0
5559,5559,California,Fall 2021,College Of Alameda,0,0,0,0,0,0,0
5604,5604,California,Fall 2021,College Of Marin,0,0,0,0,0,0,0
5614,5614,California,Fall 2021,College Of The Desert,0,0,0,0,0,0,0
5667,5667,California,Fall 2021,College Of The Sequoias,0,0,0,0,0,0,0
5686,5686,California,Fall 2021,Contra Costa College,0,0,0,0,0,0,0
5749,5749,California,Fall 2021,Cosumnes River College,0,0,0,0,0,0,0
5767,5767,California,Fall 2021,Crafton Hills College,0,0,0,0,0,0,0
5796,5796,California,Fall 2021,Cuesta College,0,0,0,0,0,0,0
5861,5861,California,Fall 2021,Cuyamaca College*,0,0,0,0,0,0,0
5881,5881,California,Fall 2021,Cypress College,0,0,0,0,0,0,0
5948,5948,California,Fall 2021,De Anza College,0,0,0,0,0,0,0
6097,6097,California,Fall 2021,Defense Language Institute,0,0,0,0,0,0,0
6139,6139,California,Fall 2021,Diablo Valley College,0,0,0,0,0,0,0
6313,6313,California,Fall 2021,East Los Angeles College,0,0,0,0,0,0,0
6389,6389,California,Fall 2021,El Camino College,0,0,0,0,0,0,0
6465,6465,California,Fall 2021,Evergreen Valley College,0,0,0,0,0,0,0
6515,6515,California,Fall 2021,Folsom Lake College,0,0,0,0,0,0,0
6530,6530,California,Fall 2021,Foothill College,0,0,0,0,0,0,0
6605,6605,California,Fall 2021,Fullerton College,0,0,0,0,0,0,0
6642,6642,California,Fall 2021,Glendale Cmty College Ca,0,0,0,0,0,0,0
6678,6678,California,Fall 2021,Golden West College,0,0,0,0,0,0,0
6722,6722,California,Fall 2021,Grossmont Cmty College,0,0,0,0,0,0,0
6742,6742,California,Fall 2021,Harvey Mudd College,0,0,0,0,0,0,0
6761,6761,California,Fall 2021,Irvine Valley College,0,0,0,0,0,0,0
6838,6838,California,Fall 2021,John F Kennedy University,0,0,0,0,0,0,0
6892,6892,California,Fall 2021,Lake Tahoe Cmty College,0,0,0,0,0,0,0
6906,6906,California,Fall 2021,Laney College Undergraduate,0,0,0,0,0,0,0
6972,6972,California,Fall 2021,Las Positas College,0,0,0,0,0,0,0
7075,7075,California,Fall 2021,Long Beach City College,0,0,0,0,0,0,0
7121,7121,California,Fall 2021,Los Angeles City College,0,0,0,0,0,0,0
7148,7148,California,Fall 2021,Los Angeles Harbor College,0,0,0,0,0,0,0
7159,7159,California,Fall 2021,Los Angeles Mission College,0,0,0,0,0,0,0
7208,7208,California,Fall 2021,Los Angeles Pierce College,0,0,0,0,0,0,0
7250,7250,California,Fall 2021,Los Angeles Southwest College,0,0,0,0,0,0,0
7260,7260,California,Fall 2021,Los Angeles Trade-Tech College,0,0,0,0,0,0,0
7265,7265,California,Fall 2021,Los Angeles Valley College,0,0,0,0,0,0,0
7280,7280,California,Fall 2021,Los Angeles Valley College*,0,0,0,0,0,0,0
7318,7318,California,Fall 2021,Los Medanos College,0,0,0,0,0,0,0
7363,7363,California,Fall 2021,Loyola Marymount University,0,0,0,0,0,0,0
7389,7389,California,Fall 2021,Marymount California Univ,0,0,0,0,0,0,0
7411,7411,California,Fall 2021,Merced College,0,0,0,0,0,0,0
7448,7448,California,Fall 2021,MiraCosta College,0,0,0,0,0,0,0
7494,7494,California,Fall 2021,Mission College,0,0,0,0,0,0,0
7549,7549,California,Fall 2021,Modesto Junior College*,0,0,0,0,0,0,0
7592,7592,California,Fall 2021,Monterey Peninsula College,0,0,0,0,0,0,0
7611,7611,California,Fall 2021,Moorpark College,0,0,0,0,0,0,0
7684,7684,California,Fall 2021,Mount San Antonio College*,0,0,0,0,0,0,0
7751,7751,California,Fall 2021,Mount San Jacinto College,0,0,0,0,0,0,0
7779,7779,California,Fall 2021,Napa Valley College,0,0,0,0,0,0,0
7782,7782,California,Fall 2021,Ohlone College,0,0,0,0,0,0,0
7870,7870,California,Fall 2021,Orange Coast College,0,0,0,0,0,0,0
7949,7949,California,Fall 2021,Oxnard College,0,0,0,0,0,0,0
7975,7975,California,Fall 2021,Pacific Union College,0,0,0,0,0,0,0
7998,7998,California,Fall 2021,Palomar College,0,0,0,0,0,0,0
8032,8032,California,Fall 2021,Pasadena City College,0,0,0,0,0,0,0
8133,8133,California,Fall 2021,Pepperdine University,0,0,0,0,0,0,0
8146,8146,California,Fall 2021,Pitzer College,0,0,0,0,0,0,0
8167,8167,California,Fall 2021,Reedley College,0,0,0,0,0,0,0
8200,8200,California,Fall 2021,Riverside Cmty College,0,0,0,0,0,0,0
8242,8242,California,Fall 2021,Sacramento City College,0,0,0,0,0,0,0
8269,8269,California,Fall 2021,Saddleback College,0,0,0,0,0,0,0
8334,8334,California,Fall 2021,San Diego Ccd - City College,0,0,0,0,0,0,0
8371,8371,California,Fall 2021,San Diego Ccd - Mesa College,0,0,0,0,0,0,0
8453,8453,California,Fall 2021,San Diego State University,0,0,0,0,0,0,0
8485,8485,California,Fall 2021,San Diego-Miramar College,0,0,0,0,0,0,0
8518,8518,California,Fall 2021,San Francisco State University,0,0,0,0,0,0,0
8544,8544,California,Fall 2021,San Jose City College,0,0,0,0,0,0,0
8579,8579,California,Fall 2021,San Jose State University,0,0,0,0,0,0,0
8662,8662,California,Fall 2021,Santa Ana College,0,0,0,0,0,0,0
8708,8708,California,Fall 2021,Santa Barbara City College,0,0,0,0,0,0,0
8842,8842,California,Fall 2021,Santa Monica College,0,0,0,0,0,0,0
8969,8969,California,Fall 2021,Santa Rosa Junior College,0,0,0,0,0,0,0
9035,9035,California,Fall 2021,Santiago Canyon College,0,0,0,0,0,0,0
9081,9081,California,Fall 2021,Scripps College,0,0,0,0,0,0,0
9099,9099,California,Fall 2021,Shasta College,0,0,0,0,0,0,0
9157,9157,California,Fall 2021,Sierra College,0,0,0,0,0,0,0
9210,9210,California,Fall 2021,Skyline College,0,0,0,0,0,0,0
9285,9285,California,Fall 2021,Soka University Of America,0,0,0,0,0,0,0
9322,9322,California,Fall 2021,Solano Cmty College,0,0,0,0,0,0,0
9353,9353,California,Fall 2021,Sonoma State University,0,0,0,0,0,0,0
9363,9363,California,Fall 2021,Southwstrn College Ca,0,0,0,0,0,0,0
9434,9434,California,Fall 2021,Stanford University,0,0,0,0,0,0,0
9471,9471,California,Fall 2021,Taft College,0,0,0,0,0,0,0
9497,9497,California,Fall 2021,Univ Calif Berkeley,0,0,0,0,0,0,0
9618,9618,California,Fall 2021,Univ Calif Davis,0,0,0,0,0,0,0
9735,9735,California,Fall 2021,Univ Calif Irvine,0,0,0,0,0,0,0
9804,9804,California,Fall 2021,Univ Calif Los Angeles,0,0,0,0,0,0,0
9898,9898,California,Fall 2021,Univ Calif Santa Barbara,0,0,0,0,0,0,0
9946,9946,California,Fall 2021,Univ Calif Santa Cruz,0,0,0,0,0,0,0
10031,10031,California,Fall 2021,Univ California Riverside,0,0,0,0,0,0,0
10065,10065,California,Fall 2021,Univ La Verne,0,0,0,0,0,0,0
10087,10087,California,Fall 2021,Univ Of California Merced,0,0,0,0,0,0,0
10130,10130,California,Fall 2021,Univ Of California San Diego,0,0,0,0,0,0,0
10228,10228,California,Fall 2021,Univ San Diego,0,0,0,0,0,0,0
10231,10231,California,Fall 2021,Univ San Francisco,0,0,0,0,0,0,0
10284,10284,California,Fall 2021,Univ Southern California,0,0,0,0,0,0,0
10394,10394,California,Fall 2021,University Of Redlands,0,0,0,0,0,0,0
10425,10425,California,Fall 2021,Ventura College,0,0,0,0,0,0,0
10503,10503,California,Fall 2021,West Los Angeles College,0,0,0,0,0,0,0
10514,10514,California,Fall 2021,West Valley College,0,0,0,0,0,0,0
10589,10589,Colorado,Fall 2021,Aims Cmty College,0,0,0,0,0,0,0
10633,10633,Colorado,Fall 2021,Arapahoe Cmty College,0,0,0,0,0,0,0
10676,10676,Colorado,Fall 2021,Colorado Christian Univ,0,0,0,0,0,0,0
10692,10692,Colorado,Fall 2021,Colorado College,0,0,0,0,0,0,0
10719,10719,Colorado,Fall 2021,Colorado Mtn Col Glenwood Spgs,0,0,0,0,0,0,0
10773,10773,Colorado,Fall 2021,Colorado School Mines,0,0,0,0,0,0,0
10829,10829,Colorado,Fall 2021,Colorado State Univ Ft Collins,0,0,0,0,0,0,0
10927,10927,Colorado,Fall 2021,Community C Aurora,0,0,0,0,0,0,0
10963,10963,Colorado,Fall 2021,Community C Denver,0,0,0,0,0,0,0
11009,11009,Colorado,Fall 2021,Front Range Cmty College,0,0,0,0,0,0,0
11057,11057,Colorado,Fall 2021,Lamar Cmty College,0,0,0,0,0,0,0
11085,11085,Colorado,Fall 2021,Pikes Peak Cmty College,0,0,0,0,0,0,0
11112,11112,Colorado,Fall 2021,Red Rocks Community College,0,0,0,0,0,0,0
11158,11158,Colorado,Fall 2021,United States Air Force Acad,0,0,0,0,0,0,0
11354,11354,Colorado,Fall 2021,Univ Colorado Boulder*,0,0,0,0,0,0,0
11531,11531,Colorado,Fall 2021,Univ Colorado Colorado Spgs,0,0,0,0,0,0,0
11570,11570,Colorado,Fall 2021,Univ Denver,0,0,0,0,0,0,0
11620,11620,Colorado,Fall 2021,University Colorado Denver,0,0,0,0,0,0,0
11698,11698,Colorado,Fall 2021,University Northern Colorado,0,0,0,0,0,0,0
11745,11745,Connecticut,Fall 2021,Asnuntuck Community College,0,0,0,0,0,0,0
11779,11779,Connecticut,Fall 2021,Centrl Connecticut St Univ,0,0,0,0,0,0,0
11809,11809,Connecticut,Fall 2021,Connecticut College,0,0,0,0,0,0,0
11835,11835,Connecticut,Fall 2021,Fairfield University,0,0,0,0,0,0,0
11931,11931,Connecticut,Fall 2021,Gateway Community College,0,0,0,0,0,0,0
12037,12037,Connecticut,Fall 2021,Manchester Comm College - CT,0,0,0,0,0,0,0
12125,12125,Connecticut,Fall 2021,Norwalk Community College,0,0,0,0,0,0,0
12260,12260,Connecticut,Fall 2021,Southrn Connecticut State Univ,0,0,0,0,0,0,0
12268,12268,Connecticut,Fall 2021,Three Rivers Cmty College*,0,0,0,0,0,0,0
12348,12348,Connecticut,Fall 2021,United States Coast Guard Acad,0,0,0,0,0,0,0
12405,12405,Connecticut,Fall 2021,Univ Bridgeport,0,0,0,0,0,0,0
12426,12426,Connecticut,Fall 2021,Univ Connecticut,0,0,0,0,0,0,0
12625,12625,Connecticut,Fall 2021,Univ Hartford,0,0,0,0,0,0,0
12645,12645,Connecticut,Fall 2021,Univ New Haven,0,0,0,0,0,0,0
12673,12673,Connecticut,Fall 2021,Westrn Connecticut State Univ,0,0,0,0,0,0,0
12712,12712,Connecticut,Fall 2021,Yale University,0,0,0,0,0,0,0
12878,12878,Delaware,Fall 2021,Delaware State University,0,0,0,0,0,0,0
12913,12913,Delaware,Fall 2021,Delaware Tec Cc Owens Campus,0,0,0,0,0,0,0
12929,12929,Delaware,Fall 2021,Delaware Tec Cc Wilmington,0,0,0,0,0,0,0
12948,12948,Delaware,Fall 2021,Univ Delaware,0,0,0,0,0,0,0
13061,13061,District of Columbia,Fall 2021,American University Wash Dc,0,0,0,0,0,0,0
13106,13106,District of Columbia,Fall 2021,Gallaudet University,0,0,0,0,0,0,0
13120,13120,District of Columbia,Fall 2021,George Washington University,0,0,0,0,0,0,0
13359,13359,District of Columbia,Fall 2021,Georgetown University,0,0,0,0,0,0,0
13448,13448,District of Columbia,Fall 2021,Howard University,0,0,0,0,0,0,0
13525,13525,Florida,Fall 2021,Barry University,0,0,0,0,0,0,0
13614,13614,Florida,Fall 2021,Broward College,0,0,0,0,0,0,0
13652,13652,Florida,Fall 2021,Chipola College,0,0,0,0,0,0,0
13690,13690,Florida,Fall 2021,College Of Central Florida,0,0,0,0,0,0,0
13802,13802,Florida,Fall 2021,Daytona State College,0,0,0,0,0,0,0
13867,13867,Florida,Fall 2021,Eastern Florida State College*,0,0,0,0,0,0,0
13929,13929,Florida,Fall 2021,Eckerd College,0,0,0,0,0,0,0
14000,14000,Florida,Fall 2021,Embry-Riddle Aeron U Florida,0,0,0,0,0,0,0
14240,14240,Florida,Fall 2021,Florida Atlantic University,0,0,0,0,0,0,0
14316,14316,Florida,Fall 2021,Florida College,0,0,0,0,0,0,0
14354,14354,Florida,Fall 2021,Florida Gateway College,0,0,0,0,0,0,0
14384,14384,Florida,Fall 2021,Florida Gulf Coast University,0,0,0,0,0,0,0
14419,14419,Florida,Fall 2021,Florida Institute Of Techlgy,0,0,0,0,0,0,0
14570,14570,Florida,Fall 2021,Florida International Univ,0,0,0,0,0,0,0
14784,14784,Florida,Fall 2021,Florida Keys Cmty College,0,0,0,0,0,0,0
14807,14807,Florida,Fall 2021,Florida Southern College,0,0,0,0,0,0,0
14855,14855,Florida,Fall 2021,Florida Southwestern St Colg,0,0,0,0,0,0,0
14969,14969,Florida,Fall 2021,Florida State Colg @ Jackson,0,0,0,0,0,0,0
15076,15076,Florida,Fall 2021,Florida State University,0,0,0,0,0,0,0
15402,15402,Florida,Fall 2021,Gulf Coast State College,0,0,0,0,0,0,0
15563,15563,Florida,Fall 2021,Hillsborough Cmty College,0,0,0,0,0,0,0
15728,15728,Florida,Fall 2021,Indian River State College,0,0,0,0,0,0,0
15784,15784,Florida,Fall 2021,Jacksonville University,0,0,0,0,0,0,0
16029,16029,Florida,Fall 2021,Lake Sumter State College,0,0,0,0,0,0,0
16076,16076,Florida,Fall 2021,Lynn University*,0,0,0,0,0,0,0
16115,16115,Florida,Fall 2021,Miami-Dade College North,0,0,0,0,0,0,0
16485,16485,Florida,Fall 2021,North Florida Community Coll,0,0,0,0,0,0,0
16546,16546,Florida,Fall 2021,Northwest Florida State Coll,0,0,0,0,0,0,0
16599,16599,Florida,Fall 2021,Nova Southeastern Univ,0,0,0,0,0,0,0
16638,16638,Florida,Fall 2021,Palm Beach Atlantic University,0,0,0,0,0,0,0
16669,16669,Florida,Fall 2021,Palm Beach State College,0,0,0,0,0,0,0
16904,16904,Florida,Fall 2021,Pasco-Hernando Community Colg,0,0,0,0,0,0,0
16981,16981,Florida,Fall 2021,Pensacola State College*,0,0,0,0,0,0,0
17039,17039,Florida,Fall 2021,Polk State College,0,0,0,0,0,0,0
17093,17093,Florida,Fall 2021,Rollins College Winter Park,0,0,0,0,0,0,0
17209,17209,Florida,Fall 2021,Santa Fe College Florida,0,0,0,0,0,0,0
17335,17335,Florida,Fall 2021,Seminole State College Of Fl,0,0,0,0,0,0,0
17374,17374,Florida,Fall 2021,South Florida Community Coll,0,0,0,0,0,0,0
17468,17468,Florida,Fall 2021,St Petersburg College,0,0,0,0,0,0,0
17615,17615,Florida,Fall 2021,St Thomas University Fl,0,0,0,0,0,0,0
17715,17715,Florida,Fall 2021,State Col Fl Manatee-Sarasota,0,0,0,0,0,0,0
17736,17736,Florida,Fall 2021,Stetson University,0,0,0,0,0,0,0
17814,17814,Florida,Fall 2021,Tallahassee Community College,0,0,0,0,0,0,0
17939,17939,Florida,Fall 2021,Univ Central Florida,0,0,0,0,0,0,0
18086,18086,Florida,Fall 2021,Univ Florida,0,0,0,0,0,0,0
18637,18637,Florida,Fall 2021,Univ North Florida,0,0,0,0,0,0,0
18776,18776,Florida,Fall 2021,Univ South Florida,0,0,0,0,0,0,0
19004,19004,Florida,Fall 2021,Univ West Florida,0,0,0,0,0,0,0
19129,19129,Florida,Fall 2021,University Of Miami,0,0,0,0,0,0,0
19350,19350,Florida,Fall 2021,University Of Tampa,0,0,0,0,0,0,0
19420,19420,Florida,Fall 2021,Valencia College,0,0,0,0,0,0,0
19589,19589,Georgia,Fall 2021,Abrham Baldwin Agricultrl Coll,0,0,0,0,0,0,0
19717,19717,Georgia,Fall 2021,Agnes Scott College,0,0,0,0,0,0,0
20040,20040,Georgia,Fall 2021,Albany Area Voc-Techl School*,0,0,0,0,0,0,0
20053,20053,Georgia,Fall 2021,Albany State University,0,0,0,0,0,0,0
20264,20264,Georgia,Fall 2021,Albany Technical College,0,0,0,0,0,0,0
20349,20349,Georgia,Fall 2021,Altamaha Technical College*,0,0,0,0,0,0,0
20441,20441,Georgia,Fall 2021,American Intercontinental Uni*,0,0,0,0,0,0,0
20509,20509,Georgia,Fall 2021,Andrew College,0,0,0,0,0,0,0
20548,20548,Georgia,Fall 2021,Armstrong State University,0,0,0,0,0,0,0
20852,20852,Georgia,Fall 2021,Athens Technical College,0,0,0,0,0,0,0
21024,21024,Georgia,Fall 2021,Atlanta Metropolitan State Col,0,0,0,0,0,0,0
21049,21049,Georgia,Fall 2021,Atlanta Technical College,0,0,0,0,0,0,0
21150,21150,Georgia,Fall 2021,Augusta State University,0,0,0,0,0,0,0
21382,21382,Georgia,Fall 2021,Augusta Technical College,0,0,0,0,0,0,0
21476,21476,Georgia,Fall 2021,Augusta University,0,0,0,0,0,0,0
21652,21652,Georgia,Fall 2021,Bainbridge State College,0,0,0,0,0,0,0
21759,21759,Georgia,Fall 2021,Berry College,0,0,0,0,0,0,0
21905,21905,Georgia,Fall 2021,Brenau University,0,0,0,0,0,0,0
21941,21941,Georgia,Fall 2021,Brewton-Parker College,0,0,0,0,0,0,0
21946,21946,Georgia,Fall 2021,Centrl Georgia Tech College,0,0,0,0,0,0,0
22033,22033,Georgia,Fall 2021,Chattahoochee Tech College,0,0,0,0,0,0,0
22151,22151,Georgia,Fall 2021,Clark Atlanta University,0,0,0,0,0,0,0
22269,22269,Georgia,Fall 2021,Clayton State Univ,0,0,0,0,0,0,0
22324,22324,Georgia,Fall 2021,Coastal Pines Technical Colg,0,0,0,0,0,0,0
22409,22409,Georgia,Fall 2021,College Of Coastal Georgia,0,0,0,0,0,0,0
22464,22464,Georgia,Fall 2021,Columbus State University,0,0,0,0,0,0,0
22614,22614,Georgia,Fall 2021,Columbus Technical College,0,0,0,0,0,0,0
22711,22711,Georgia,Fall 2021,Covenant College,0,0,0,0,0,0,0
22860,22860,Georgia,Fall 2021,Dalton College,0,0,0,0,0,0,0
22997,22997,Georgia,Fall 2021,Darton College,0,0,0,0,0,0,0
23225,23225,Georgia,Fall 2021,Devry University Decatur,0,0,0,0,0,0,0
23416,23416,Georgia,Fall 2021,East Georgia State College,0,0,0,0,0,0,0
23445,23445,Georgia,Fall 2021,Emmanuel College Georgia,0,0,0,0,0,0,0
23455,23455,Georgia,Fall 2021,Emory University,0,0,0,0,0,0,0
23974,23974,Georgia,Fall 2021,Fort Valley State University,0,0,0,0,0,0,0
24029,24029,Georgia,Fall 2021,Ga Piedmont Technical College,0,0,0,0,0,0,0
24135,24135,Georgia,Fall 2021,Georgia Coll & State Univ,0,0,0,0,0,0,0
24288,24288,Georgia,Fall 2021,Georgia Gwinnett College,0,0,0,0,0,0,0
24465,24465,Georgia,Fall 2021,Georgia Highlands College,0,0,0,0,0,0,0
24538,24538,Georgia,Fall 2021,Georgia Military College,0,0,0,0,0,0,0
24596,24596,Georgia,Fall 2021,Georgia Northwestern Tech Colg,0,0,0,0,0,0,0
24712,24712,Georgia,Fall 2021,Georgia Southern University,0,0,0,0,0,0,0
25156,25156,Georgia,Fall 2021,Georgia Southwestern St Univ,0,0,0,0,0,0,0
25212,25212,Georgia,Fall 2021,Georgia State University,0,0,0,0,0,0,0
25966,25966,Georgia,Fall 2021,Gordon State College,0,0,0,0,0,0,0
26082,26082,Georgia,Fall 2021,Gwinnett Technical College,0,0,0,0,0,0,0
26282,26282,Georgia,Fall 2021,Kennesaw State University,0,0,0,0,0,0,0
26989,26989,Georgia,Fall 2021,Lagrange College,0,0,0,0,0,0,0
26999,26999,Georgia,Fall 2021,Lanier Technical College,0,0,0,0,0,0,0
27093,27093,Georgia,Fall 2021,Life University,0,0,0,0,0,0,0
27118,27118,Georgia,Fall 2021,Macon State College,0,0,0,0,0,0,0
27238,27238,Georgia,Fall 2021,Mercer Univ Macon*,0,0,0,0,0,0,0
27366,27366,Georgia,Fall 2021,Mercer University Atlanta,0,0,0,0,0,0,0
27403,27403,Georgia,Fall 2021,Middle Georgia State Univ,0,0,0,0,0,0,0
27736,27736,Georgia,Fall 2021,Middle Georgia Tech College,0,0,0,0,0,0,0
27828,27828,Georgia,Fall 2021,Morehouse College,0,0,0,0,0,0,0
28009,28009,Georgia,Fall 2021,Morris Brown College,0,0,0,0,0,0,0
28197,28197,Georgia,Fall 2021,North Georgia Tech College,0,0,0,0,0,0,0
28286,28286,Georgia,Fall 2021,Oconee Fall Line Tech College,0,0,0,0,0,0,0
28368,28368,Georgia,Fall 2021,Ogeechee Technical College,0,0,0,0,0,0,0
28453,28453,Georgia,Fall 2021,Oglethorpe University,0,0,0,0,0,0,0
28532,28532,Georgia,Fall 2021,Oxford College,0,0,0,0,0,0,0
28665,28665,Georgia,Fall 2021,Piedmont College,0,0,0,0,0,0,0
28886,28886,Georgia,Fall 2021,Point University,0,0,0,0,0,0,0
28910,28910,Georgia,Fall 2021,Reinhardt University,0,0,0,0,0,0,0
29036,29036,Georgia,Fall 2021,Savannah C Art Desgn All Campu,0,0,0,0,0,0,0
29067,29067,Georgia,Fall 2021,Savannah State University,0,0,0,0,0,0,0
29173,29173,Georgia,Fall 2021,Savannah Tech College,0,0,0,0,0,0,0
29259,29259,Georgia,Fall 2021,Shorter University,0,0,0,0,0,0,0
29309,29309,Georgia,Fall 2021,South Georgia State College,0,0,0,0,0,0,0
29322,29322,Georgia,Fall 2021,South Georgia Technical Colleg,0,0,0,0,0,0,0
29413,29413,Georgia,Fall 2021,Southern Crescent Techl Colg,0,0,0,0,0,0,0
29503,29503,Georgia,Fall 2021,Southern Regional Tech College,0,0,0,0,0,0,0
29606,29606,Georgia,Fall 2021,Southestrn Technical College,0,0,0,0,0,0,0
29702,29702,Georgia,Fall 2021,Spelman College,0,0,0,0,0,0,0
29880,29880,Georgia,Fall 2021,Thomas University,0,0,0,0,0,0,0
29939,29939,Georgia,Fall 2021,Truett-Mcconnell College,0,0,0,0,0,0,0
29981,29981,Georgia,Fall 2021,U Of North Georgia-Gainesville,0,0,0,0,0,0,0
30232,30232,Georgia,Fall 2021,Univ North Georgia - Dahlonega,0,0,0,0,0,0,0
30723,30723,Georgia,Fall 2021,University Of West Georgia,0,0,0,0,0,0,0
30931,30931,Georgia,Fall 2021,University of Georgia,0,0,0,0,0,0,0
31406,31406,Georgia,Fall 2021,Valdosta State University,0,0,0,0,0,0,0
31596,31596,Georgia,Fall 2021,Wesleyan College,0,0,0,0,0,0,0
31636,31636,Georgia,Fall 2021,West Georgia Technical College,0,0,0,0,0,0,0
31715,31715,Georgia,Fall 2021,Wiregrass Georgia Tech Colg,0,0,0,0,0,0,0
31811,31811,Georgia,Fall 2021,Young Harris College,0,0,0,0,0,0,0
32031,32031,Hawaii,Fall 2021,Hawaii Pacific University,0,0,0,0,0,0,0
32072,32072,Hawaii,Fall 2021,Honolulu Cmty College,0,0,0,0,0,0,0
32090,32090,Hawaii,Fall 2021,Kapiolani Community College,0,0,0,0,0,0,0
32139,32139,Hawaii,Fall 2021,Leeward Cmty College,0,0,0,0,0,0,0
32179,32179,Hawaii,Fall 2021,Univ Hawaii Manoa*,0,0,0,0,0,0,0
32274,32274,Hawaii,Fall 2021,Windward Cmty College,0,0,0,0,0,0,0
32284,32284,Idaho,Fall 2021,Boise State University,0,0,0,0,0,0,0
32310,32310,Idaho,Fall 2021,Brigham Young Univ,0,0,0,0,0,0,0
32396,32396,Idaho,Fall 2021,Coll Southern Idaho,0,0,0,0,0,0,0
32439,32439,Idaho,Fall 2021,College Of Western Idaho,0,0,0,0,0,0,0
32445,32445,Idaho,Fall 2021,Idaho State University,0,0,0,0,0,0,0
32534,32534,Idaho,Fall 2021,University Of Idaho,0,0,0,0,0,0,0
32606,32606,Illinois,Fall 2021,Augustana College Il,0,0,0,0,0,0,0
32656,32656,Illinois,Fall 2021,Benedictine University,0,0,0,0,0,0,0
32663,32663,Illinois,Fall 2021,Black Hawk College Moline,0,0,0,0,0,0,0
32688,32688,Illinois,Fall 2021,Bradley University,0,0,0,0,0,0,0
32704,32704,Illinois,Fall 2021,Coll Dupage,0,0,0,0,0,0,0
32831,32831,Illinois,Fall 2021,Coll Lake County,0,0,0,0,0,0,0
32879,32879,Illinois,Fall 2021,Danville Area Cmty College,0,0,0,0,0,0,0
32960,32960,Illinois,Fall 2021,Devry University-Arizona*,0,0,0,0,0,0,0
33001,33001,Illinois,Fall 2021,Elgin Cmty College,0,0,0,0,0,0,0
33044,33044,Illinois,Fall 2021,Harold Washington Coll (Loop),0,0,0,0,0,0,0
33101,33101,Illinois,Fall 2021,Illinois Central College,0,0,0,0,0,0,0
33180,33180,Illinois,Fall 2021,Illinois Estrn Cmty Coll Olney,0,0,0,0,0,0,0
33221,33221,Illinois,Fall 2021,Illinois Institute Tech,0,0,0,0,0,0,0
33297,33297,Illinois,Fall 2021,Illinois State University,0,0,0,0,0,0,0
33335,33335,Illinois,Fall 2021,John A Logan College*,0,0,0,0,0,0,0
33405,33405,Illinois,Fall 2021,Joliet Junior College,0,0,0,0,0,0,0
33447,33447,Illinois,Fall 2021,Kankakee Community College,0,0,0,0,0,0,0
33464,33464,Illinois,Fall 2021,Kishwaukee College,0,0,0,0,0,0,0
33490,33490,Illinois,Fall 2021,Knox College,0,0,0,0,0,0,0
33515,33515,Illinois,Fall 2021,Lake Land College*,0,0,0,0,0,0,0
33532,33532,Illinois,Fall 2021,Lewis Clark Cmty College,0,0,0,0,0,0,0
33558,33558,Illinois,Fall 2021,Lincoln Land Cmty College,0,0,0,0,0,0,0
33566,33566,Illinois,Fall 2021,Loyola Univ Chicago,0,0,0,0,0,0,0
33612,33612,Illinois,Fall 2021,Malcolm X Chicago City Colleg*,0,0,0,0,0,0,0
33622,33622,Illinois,Fall 2021,Mchenry County College,0,0,0,0,0,0,0
33676,33676,Illinois,Fall 2021,Moraine Valley Cmnty College,0,0,0,0,0,0,0
33742,33742,Illinois,Fall 2021,Northrn Illinois University,0,0,0,0,0,0,0
33789,33789,Illinois,Fall 2021,Northwestern University*,0,0,0,0,0,0,0
33804,33804,Illinois,Fall 2021,Oakton Cmty College,0,0,0,0,0,0,0
33846,33846,Illinois,Fall 2021,Parkland College,0,0,0,0,0,0,0
33929,33929,Illinois,Fall 2021,Rend Lake College,0,0,0,0,0,0,0
33962,33962,Illinois,Fall 2021,Richard J Daley College,0,0,0,0,0,0,0
33987,33987,Illinois,Fall 2021,Rock Valley College,0,0,0,0,0,0,0
34009,34009,Illinois,Fall 2021,South Suburban College,0,0,0,0,0,0,0
34084,34084,Illinois,Fall 2021,Southrn Il U Edwardsville,0,0,0,0,0,0,0
34115,34115,Illinois,Fall 2021,Southrn Illinois U Carbondale,0,0,0,0,0,0,0
34150,34150,Illinois,Fall 2021,Southwestern Illinois College,0,0,0,0,0,0,0
34164,34164,Illinois,Fall 2021,Triton College,0,0,0,0,0,0,0
34214,34214,Illinois,Fall 2021,Truman College,0,0,0,0,0,0,0
34250,34250,Illinois,Fall 2021,Univ Illinois Chicago,0,0,0,0,0,0,0
34368,34368,Illinois,Fall 2021,Univ Illinois Urbana*,0,0,0,0,0,0,0
34497,34497,Illinois,Fall 2021,Univ of Illinois-Springfield,0,0,0,0,0,0,0
34550,34550,Illinois,Fall 2021,University Of Chicago,0,0,0,0,0,0,0
34607,34607,Illinois,Fall 2021,Wabash Valley College,0,0,0,0,0,0,0
34642,34642,Illinois,Fall 2021,Waubonsee Cmty College,0,0,0,0,0,0,0
34674,34674,Illinois,Fall 2021,Westrn Illinois University,0,0,0,0,0,0,0
34681,34681,Illinois,Fall 2021,Wheaton College,0,0,0,0,0,0,0
34700,34700,Illinois,Fall 2021,Wilbur Wright College,0,0,0,0,0,0,0
34794,34794,Illinois,Fall 2021,William Rainey Harper College,0,0,0,0,0,0,0
34871,34871,Indiana,Fall 2021,Ball State University,0,0,0,0,0,0,0
34898,34898,Indiana,Fall 2021,Bethel College In,0,0,0,0,0,0,0
34941,34941,Indiana,Fall 2021,Depauw University,0,0,0,0,0,0,0
34998,34998,Indiana,Fall 2021,Indiana St Univ Terre Haute*,0,0,0,0,0,0,0
35044,35044,Indiana,Fall 2021,Indiana Univ Bloomington*,0,0,0,0,0,0,0
35187,35187,Indiana,Fall 2021,Indiana Univ Purdue Uni Indian,0,0,0,0,0,0,0
35293,35293,Indiana,Fall 2021,Indiana Univ South Bend,0,0,0,0,0,0,0
35304,35304,Indiana,Fall 2021,Ivy Tech Cmnty Colg Fort Wayne,0,0,0,0,0,0,0
35308,35308,Indiana,Fall 2021,Ivy Tech Cmnty College Madison,0,0,0,0,0,0,0
35330,35330,Indiana,Fall 2021,Ivy Tech Comm Coll Bloomington,0,0,0,0,0,0,0
35375,35375,Indiana,Fall 2021,Manchester University,0,0,0,0,0,0,0
35418,35418,Indiana,Fall 2021,Purdue Univ North Central Cmp*,0,0,0,0,0,0,0
35501,35501,Indiana,Fall 2021,Purdue Univ Northwest,0,0,0,0,0,0,0
35617,35617,Indiana,Fall 2021,Purdue Univ West Lafayette*,0,0,0,0,0,0,0
36056,36056,Indiana,Fall 2021,Rose-Hulman Institute Techlgy,0,0,0,0,0,0,0
36085,36085,Indiana,Fall 2021,Taylor University Upland,0,0,0,0,0,0,0
36125,36125,Indiana,Fall 2021,Univ Evansville,0,0,0,0,0,0,0
36154,36154,Indiana,Fall 2021,University Of Notre Dame,0,0,0,0,0,0,0
36238,36238,Indiana,Fall 2021,Vincennes University,0,0,0,0,0,0,0
36312,36312,Iowa,Fall 2021,Clinton Cmty College Ia,0,0,0,0,0,0,0
36327,36327,Iowa,Fall 2021,Des Moines Area Cc Ankeny,0,0,0,0,0,0,0
36361,36361,Iowa,Fall 2021,Drake University,0,0,0,0,0,0,0
36380,36380,Iowa,Fall 2021,Grinnell College,0,0,0,0,0,0,0
36409,36409,Iowa,Fall 2021,Indian Hills Comm Coll*,0,0,0,0,0,0,0
36435,36435,Iowa,Fall 2021,Iowa State University,0,0,0,0,0,0,0
36589,36589,Iowa,Fall 2021,Iowa Western Cc Council Bluffs,0,0,0,0,0,0,0
36609,36609,Iowa,Fall 2021,Kirkwood Community College,0,0,0,0,0,0,0
36650,36650,Iowa,Fall 2021,Luther College,0,0,0,0,0,0,0
36692,36692,Iowa,Fall 2021,North Iowa Area Cmty College,0,0,0,0,0,0,0
36744,36744,Iowa,Fall 2021,Northeast Iowa Community Coll*,0,0,0,0,0,0,0
36754,36754,Iowa,Fall 2021,Scott Cmty College,0,0,0,0,0,0,0
36818,36818,Iowa,Fall 2021,Univ Iowa,0,0,0,0,0,0,0
36874,36874,Iowa,Fall 2021,Univ Northrn Iowa,0,0,0,0,0,0,0
36897,36897,Iowa,Fall 2021,Westrn Iowa Tech Cmty College,0,0,0,0,0,0,0
36925,36925,Kansas,Fall 2021,Barton County Cmty College,0,0,0,0,0,0,0
36954,36954,Kansas,Fall 2021,Benedictine College,0,0,0,0,0,0,0
36966,36966,Kansas,Fall 2021,Butler Community Colg Kansas,0,0,0,0,0,0,0
37004,37004,Kansas,Fall 2021,Cloud County Cmty College,0,0,0,0,0,0,0
37019,37019,Kansas,Fall 2021,Ft Hays State University,0,0,0,0,0,0,0
37063,37063,Kansas,Fall 2021,Ft Scott Cmty College,0,0,0,0,0,0,0
37073,37073,Kansas,Fall 2021,Hesston College,0,0,0,0,0,0,0
37117,37117,Kansas,Fall 2021,Johnson County Cmty College,0,0,0,0,0,0,0
37201,37201,Kansas,Fall 2021,Kansas St Univ Manhattan,0,0,0,0,0,0,0
37284,37284,Kansas,Fall 2021,Labette Cmty College,0,0,0,0,0,0,0
37295,37295,Kansas,Fall 2021,Neosho County Cmty College,0,0,0,0,0,0,0
37339,37339,Kansas,Fall 2021,Seward County Cmty College,0,0,0,0,0,0,0
37360,37360,Kansas,Fall 2021,University Of Kansas,0,0,0,0,0,0,0
37578,37578,Kansas,Fall 2021,Washburn University,0,0,0,0,0,0,0
37600,37600,Kansas,Fall 2021,Wichita State University,0,0,0,0,0,0,0
37694,37694,Kentucky,Fall 2021,Bellarmine University,0,0,0,0,0,0,0
37707,37707,Kentucky,Fall 2021,Berea College,0,0,0,0,0,0,0
37763,37763,Kentucky,Fall 2021,Centre College,0,0,0,0,0,0,0
37837,37837,Kentucky,Fall 2021,Eastern Kentucky University,0,0,0,0,0,0,0
37862,37862,Kentucky,Fall 2021,Elizabethtown Comm Tech Coll,0,0,0,0,0,0,0
37883,37883,Kentucky,Fall 2021,Georgetown College,0,0,0,0,0,0,0
37892,37892,Kentucky,Fall 2021,Henderson Cmty College,0,0,0,0,0,0,0
37930,37930,Kentucky,Fall 2021,Jefferson Cmnty & Tech College,0,0,0,0,0,0,0
37963,37963,Kentucky,Fall 2021,Kentucky Wesleyan College,0,0,0,0,0,0,0
37979,37979,Kentucky,Fall 2021,Maysville Cmty College,0,0,0,0,0,0,0
37994,37994,Kentucky,Fall 2021,Morehead State University,0,0,0,0,0,0,0
38039,38039,Kentucky,Fall 2021,Murray State University,0,0,0,0,0,0,0
38070,38070,Kentucky,Fall 2021,Northern Kentucky University,0,0,0,0,0,0,0
38105,38105,Kentucky,Fall 2021,Univ Kentucky Lexington*,0,0,0,0,0,0,0
38211,38211,Kentucky,Fall 2021,Univ Louisville,0,0,0,0,0,0,0
38350,38350,Kentucky,Fall 2021,University Of The Cumberlands,0,0,0,0,0,0,0
38365,38365,Kentucky,Fall 2021,Western Kentucky University,0,0,0,0,0,0,0
38479,38479,Kentucky,Fall 2021,Westrn Kentucky Cmty Tech Coll,0,0,0,0,0,0,0
38502,38502,Louisiana,Fall 2021,Baton Rouge Cmty College,0,0,0,0,0,0,0
38531,38531,Louisiana,Fall 2021,Delgado Community College,0,0,0,0,0,0,0
38597,38597,Louisiana,Fall 2021,Dillard University,0,0,0,0,0,0,0
38670,38670,Louisiana,Fall 2021,Louisiana St Univ Baton Rouge*,0,0,0,0,0,0,0
38865,38865,Louisiana,Fall 2021,Louisiana St Univ Shreveport,0,0,0,0,0,0,0
38948,38948,Louisiana,Fall 2021,Louisiana Tech University,0,0,0,0,0,0,0
39026,39026,Louisiana,Fall 2021,Loyola Univ New Orleans,0,0,0,0,0,0,0
39089,39089,Louisiana,Fall 2021,Mcneese State University,0,0,0,0,0,0,0
39121,39121,Louisiana,Fall 2021,Southestrn Louisiana Univ,0,0,0,0,0,0,0
39143,39143,Louisiana,Fall 2021,Southrn Univ Agric & Mech Coll,0,0,0,0,0,0,0
39228,39228,Louisiana,Fall 2021,Tulane University,0,0,0,0,0,0,0
39385,39385,Louisiana,Fall 2021,Univ Louisiana Lafayette,0,0,0,0,0,0,0
39497,39497,Louisiana,Fall 2021,Univ New Orleans,0,0,0,0,0,0,0
39657,39657,Louisiana,Fall 2021,Xavier University La,0,0,0,0,0,0,0
39801,39801,Maine,Fall 2021,Colby College,0,0,0,0,0,0,0
39833,39833,Maine,Fall 2021,Southrn Maine Cmnty College,0,0,0,0,0,0,0
39848,39848,Maine,Fall 2021,Univ Maine Orono,0,0,0,0,0,0,0
39871,39871,Maine,Fall 2021,University Of Southern Maine,0,0,0,0,0,0,0
39907,39907,Maryland,Fall 2021,Anne Arundel Cmty College,0,0,0,0,0,0,0
39980,39980,Maryland,Fall 2021,Bowie State University,0,0,0,0,0,0,0
39989,39989,Maryland,Fall 2021,Carroll Cmty College,0,0,0,0,0,0,0
40033,40033,Maryland,Fall 2021,College Of Southern Maryland,0,0,0,0,0,0,0
40078,40078,Maryland,Fall 2021,Community Coll Baltimore Cnty,0,0,0,0,0,0,0
40137,40137,Maryland,Fall 2021,Essex Community College*,0,0,0,0,0,0,0
40179,40179,Maryland,Fall 2021,Frederick Cmty College,0,0,0,0,0,0,0
40206,40206,Maryland,Fall 2021,Garrett College,0,0,0,0,0,0,0
40226,40226,Maryland,Fall 2021,Hagerstown Cmty College,0,0,0,0,0,0,0
40240,40240,Maryland,Fall 2021,Harford Community College,0,0,0,0,0,0,0
40269,40269,Maryland,Fall 2021,Hood College,0,0,0,0,0,0,0
40282,40282,Maryland,Fall 2021,Howard Community College,0,0,0,0,0,0,0
40358,40358,Maryland,Fall 2021,Johns Hopkins U Undergrad Adm,0,0,0,0,0,0,0
40390,40390,Maryland,Fall 2021,Loyola University Maryland,0,0,0,0,0,0,0
40408,40408,Maryland,Fall 2021,Mcdaniel College,0,0,0,0,0,0,0
40437,40437,Maryland,Fall 2021,Montgomery Coll Germantown,0,0,0,0,0,0,0
40681,40681,Maryland,Fall 2021,Montgomery Coll Rockville,0,0,0,0,0,0,0
40992,40992,Maryland,Fall 2021,Montgomery Coll Takoma Park,0,0,0,0,0,0,0
41231,41231,Maryland,Fall 2021,Morgan State University,0,0,0,0,0,0,0
41254,41254,Maryland,Fall 2021,Mount St Marys University,0,0,0,0,0,0,0
41272,41272,Maryland,Fall 2021,Prince Georges Cmty College,0,0,0,0,0,0,0
41302,41302,Maryland,Fall 2021,Salisbury University,0,0,0,0,0,0,0
41314,41314,Maryland,Fall 2021,St Marys College Md,0,0,0,0,0,0,0
41328,41328,Maryland,Fall 2021,Stevenson University,0,0,0,0,0,0,0
41337,41337,Maryland,Fall 2021,Towson University,0,0,0,0,0,0,0
41427,41427,Maryland,Fall 2021,United States Naval Academy,0,0,0,0,0,0,0
41527,41527,Maryland,Fall 2021,Univ Maryland Baltimore Cnty,0,0,0,0,0,0,0
41560,41560,Maryland,Fall 2021,Univ Of Maryland,0,0,0,0,0,0,0
41856,41856,Maryland,Fall 2021,Washington College,0,0,0,0,0,0,0
41868,41868,Massachusetts,Fall 2021,Amherst College,0,0,0,0,0,0,0
41876,41876,Massachusetts,Fall 2021,Babson College,0,0,0,0,0,0,0
41890,41890,Massachusetts,Fall 2021,Bard College At Simons Rock,0,0,0,0,0,0,0
42082,42082,Massachusetts,Fall 2021,Berkshire Cmty College,0,0,0,0,0,0,0
42123,42123,Massachusetts,Fall 2021,Boston College,0,0,0,0,0,0,0
42169,42169,Massachusetts,Fall 2021,Boston University,0,0,0,0,0,0,0
42368,42368,Massachusetts,Fall 2021,Brandeis University,0,0,0,0,0,0,0
42457,42457,Massachusetts,Fall 2021,Bristol Cmty College,0,0,0,0,0,0,0
42488,42488,Massachusetts,Fall 2021,Bunker Hill Cmty College,0,0,0,0,0,0,0
42587,42587,Massachusetts,Fall 2021,Clark University,0,0,0,0,0,0,0
42613,42613,Massachusetts,Fall 2021,Coll Holy Cross,0,0,0,0,0,0,0
42635,42635,Massachusetts,Fall 2021,Dean College,0,0,0,0,0,0,0
42719,42719,Massachusetts,Fall 2021,Endicott College,0,0,0,0,0,0,0
42738,42738,Massachusetts,Fall 2021,Fitchburg State Univ,0,0,0,0,0,0,0
42750,42750,Massachusetts,Fall 2021,Framingham State University,0,0,0,0,0,0,0
42763,42763,Massachusetts,Fall 2021,Gordon College,0,0,0,0,0,0,0
42818,42818,Massachusetts,Fall 2021,Harvard University*,0,0,0,0,0,0,0
42889,42889,Massachusetts,Fall 2021,Holyoke Community College,0,0,0,0,0,0,0
42909,42909,Massachusetts,Fall 2021,MCPHS University,0,0,0,0,0,0,0
42940,42940,Massachusetts,Fall 2021,Mass Bay Cmty College,0,0,0,0,0,0,0
43008,43008,Massachusetts,Fall 2021,Mass Institute Technology,0,0,0,0,0,0,0
43170,43170,Massachusetts,Fall 2021,Middlesex Cmty College Ma,0,0,0,0,0,0,0
43195,43195,Massachusetts,Fall 2021,Mount Holyoke College,0,0,0,0,0,0,0
43227,43227,Massachusetts,Fall 2021,North Shore Cmty College,0,0,0,0,0,0,0
43231,43231,Massachusetts,Fall 2021,Northeastern University,0,0,0,0,0,0,0
43359,43359,Massachusetts,Fall 2021,Olin College Of Engineering,0,0,0,0,0,0,0
43365,43365,Massachusetts,Fall 2021,Pine Manor College,0,0,0,0,0,0,0
43402,43402,Massachusetts,Fall 2021,Quincy College,0,0,0,0,0,0,0
43444,43444,Massachusetts,Fall 2021,Quinsigamond Cmty College,0,0,0,0,0,0,0
43481,43481,Massachusetts,Fall 2021,Smith College,0,0,0,0,0,0,0
43500,43500,Massachusetts,Fall 2021,Springfield Tech Cmty College,0,0,0,0,0,0,0
43539,43539,Massachusetts,Fall 2021,Suffolk University,0,0,0,0,0,0,0
43591,43591,Massachusetts,Fall 2021,Tufts University,0,0,0,0,0,0,0
43656,43656,Massachusetts,Fall 2021,Univ Mass Amherst*,0,0,0,0,0,0,0
43827,43827,Massachusetts,Fall 2021,Univ Massachusetts Boston,0,0,0,0,0,0,0
43882,43882,Massachusetts,Fall 2021,Univ Massachusetts Dartmouth,0,0,0,0,0,0,0
43903,43903,Massachusetts,Fall 2021,Univ Massachusetts Lowell,0,0,0,0,0,0,0
44027,44027,Massachusetts,Fall 2021,Wellesley College,0,0,0,0,0,0,0
44029,44029,Massachusetts,Fall 2021,Wentworth Institute Tech,0,0,0,0,0,0,0
44096,44096,Massachusetts,Fall 2021,Western New England University,0,0,0,0,0,0,0
44127,44127,Massachusetts,Fall 2021,Wheaton College Ma,0,0,0,0,0,0,0
44140,44140,Massachusetts,Fall 2021,Wheelock College,0,0,0,0,0,0,0
44228,44228,Massachusetts,Fall 2021,Worcester Poly Institute,0,0,0,0,0,0,0
44283,44283,Massachusetts,Fall 2021,Worcester State University,0,0,0,0,0,0,0
44289,44289,Michigan,Fall 2021,Albion College,0,0,0,0,0,0,0
44393,44393,Michigan,Fall 2021,Delta College,0,0,0,0,0,0,0
44440,44440,Michigan,Fall 2021,Eastern Michigan University,0,0,0,0,0,0,0
44527,44527,Michigan,Fall 2021,Henry Ford College,0,0,0,0,0,0,0
44549,44549,Michigan,Fall 2021,Jackson Community College,0,0,0,0,0,0,0
44598,44598,Michigan,Fall 2021,Kalamazoo Valley Cmty College,0,0,0,0,0,0,0
44647,44647,Michigan,Fall 2021,Kettering Univ (Gmi Eng/Mgt),0,0,0,0,0,0,0
44667,44667,Michigan,Fall 2021,Lake Michigan College,0,0,0,0,0,0,0
44671,44671,Michigan,Fall 2021,Lansing Community College,0,0,0,0,0,0,0
44756,44756,Michigan,Fall 2021,Lawrence Technological Univ,0,0,0,0,0,0,0
44791,44791,Michigan,Fall 2021,Macomb Community College,0,0,0,0,0,0,0
44834,44834,Michigan,Fall 2021,Madonna University,0,0,0,0,0,0,0
44857,44857,Michigan,Fall 2021,Michigan State University,0,0,0,0,0,0,0
45107,45107,Michigan,Fall 2021,Michigan Tech University,0,0,0,0,0,0,0
45161,45161,Michigan,Fall 2021,Monroe County Cmty College,0,0,0,0,0,0,0
45188,45188,Michigan,Fall 2021,Muskegon Community College,0,0,0,0,0,0,0
45248,45248,Michigan,Fall 2021,Northwestern Michigan College,0,0,0,0,0,0,0
45257,45257,Michigan,Fall 2021,Northwood University Mi,0,0,0,0,0,0,0
45283,45283,Michigan,Fall 2021,Oakland Cmty College,0,0,0,0,0,0,0
45348,45348,Michigan,Fall 2021,Oakland University,0,0,0,0,0,0,0
45366,45366,Michigan,Fall 2021,Schoolcraft College,0,0,0,0,0,0,0
45409,45409,Michigan,Fall 2021,St Clair Co Cmty College,0,0,0,0,0,0,0
45417,45417,Michigan,Fall 2021,Univ Michigan Ann Arbor,0,0,0,0,0,0,0
45528,45528,Michigan,Fall 2021,Univ Michigan Dearborn,0,0,0,0,0,0,0
45562,45562,Michigan,Fall 2021,Univ Michigan Flint,0,0,0,0,0,0,0
45588,45588,Michigan,Fall 2021,Washtenaw Community College,0,0,0,0,0,0,0
45648,45648,Michigan,Fall 2021,Wayne County Cmty College,0,0,0,0,0,0,0
45676,45676,Michigan,Fall 2021,Wayne State University,0,0,0,0,0,0,0
45762,45762,Michigan,Fall 2021,Westrn Michigan University,0,0,0,0,0,0,0
45800,45800,Minnesota,Fall 2021,Anoka-Ramsey Community College,0,0,0,0,0,0,0
45855,45855,Minnesota,Fall 2021,Central Lakes College,0,0,0,0,0,0,0
45866,45866,Minnesota,Fall 2021,Century College,0,0,0,0,0,0,0
45893,45893,Minnesota,Fall 2021,College Of Saint Benedict,0,0,0,0,0,0,0
45906,45906,Minnesota,Fall 2021,College Of Saint Scholastica,0,0,0,0,0,0,0
45941,45941,Minnesota,Fall 2021,Concordia University,0,0,0,0,0,0,0
45994,45994,Minnesota,Fall 2021,Herzing University,0,0,0,0,0,0,0
46015,46015,Minnesota,Fall 2021,Inver Hills Cmty College,0,0,0,0,0,0,0
46039,46039,Minnesota,Fall 2021,Lake Superior College,0,0,0,0,0,0,0
46081,46081,Minnesota,Fall 2021,Macalester College,0,0,0,0,0,0,0
46093,46093,Minnesota,Fall 2021,Metropolitan State Univ,0,0,0,0,0,0,0
46103,46103,Minnesota,Fall 2021,Minneapolis Cmty & Tech Coll,0,0,0,0,0,0,0
46143,46143,Minnesota,Fall 2021,Minnesota State Univ Mankato,0,0,0,0,0,0,0
46227,46227,Minnesota,Fall 2021,Normandale Community College,0,0,0,0,0,0,0
46259,46259,Minnesota,Fall 2021,North Hennepin Cmty College,0,0,0,0,0,0,0
46289,46289,Minnesota,Fall 2021,Riverland Community College,0,0,0,0,0,0,0
46297,46297,Minnesota,Fall 2021,Rochester Cmty Tech College,0,0,0,0,0,0,0
46304,46304,Minnesota,Fall 2021,Saint Johns University,0,0,0,0,0,0,0
46340,46340,Minnesota,Fall 2021,Southwest Minnesota State Univ,0,0,0,0,0,0,0
46351,46351,Minnesota,Fall 2021,St Marys University Mn,0,0,0,0,0,0,0
46374,46374,Minnesota,Fall 2021,St Olaf College,0,0,0,0,0,0,0
46434,46434,Minnesota,Fall 2021,U Of Northwestern St Paul,0,0,0,0,0,0,0
46449,46449,Minnesota,Fall 2021,Univ Minnesota Crookston,0,0,0,0,0,0,0
46465,46465,Minnesota,Fall 2021,Univ Minnesota Duluth,0,0,0,0,0,0,0
46524,46524,Minnesota,Fall 2021,Univ Saint Thomas Mn,0,0,0,0,0,0,0
46550,46550,Minnesota,Fall 2021,Univ of Minnesota -Twin Cities,0,0,0,0,0,0,0
46749,46749,Minnesota,Fall 2021,Winona State University,0,0,0,0,0,0,0
46776,46776,Mississippi,Fall 2021,Delta State University,0,0,0,0,0,0,0
46796,46796,Mississippi,Fall 2021,Hinds Community College,0,0,0,0,0,0,0
46837,46837,Mississippi,Fall 2021,Holmes Cmty College,0,0,0,0,0,0,0
46917,46917,Mississippi,Fall 2021,Jackson State University,0,0,0,0,0,0,0
46980,46980,Mississippi,Fall 2021,Jones County Jr College,0,0,0,0,0,0,0
47023,47023,Mississippi,Fall 2021,Meridian Community College,0,0,0,0,0,0,0
47050,47050,Mississippi,Fall 2021,Millsaps College,0,0,0,0,0,0,0
47133,47133,Mississippi,Fall 2021,Miss Gulf Coast CC Gulfport,0,0,0,0,0,0,0
47214,47214,Mississippi,Fall 2021,Miss State University,0,0,0,0,0,0,0
47331,47331,Mississippi,Fall 2021,Miss University For Women,0,0,0,0,0,0,0
47402,47402,Mississippi,Fall 2021,Mississippi College,0,0,0,0,0,0,0
47431,47431,Mississippi,Fall 2021,Northwst Mississippi Cmty Coll,0,0,0,0,0,0,0
47475,47475,Mississippi,Fall 2021,Pearl River Cmty College,0,0,0,0,0,0,0
47533,47533,Mississippi,Fall 2021,Univ Mississippi,0,0,0,0,0,0,0
47650,47650,Mississippi,Fall 2021,Univ Southern Mississippi,0,0,0,0,0,0,0
47689,47689,Mississippi,Fall 2021,William Carey University,0,0,0,0,0,0,0
47738,47738,Missouri,Fall 2021,Fontbonne University,0,0,0,0,0,0,0
47762,47762,Missouri,Fall 2021,Jefferson College,0,0,0,0,0,0,0
47822,47822,Missouri,Fall 2021,Lindenwood University,0,0,0,0,0,0,0
47842,47842,Missouri,Fall 2021,Metropolitan Cc Maple Woods,0,0,0,0,0,0,0
47963,47963,Missouri,Fall 2021,Missouri State U Springfield,0,0,0,0,0,0,0
48011,48011,Missouri,Fall 2021,Missouri Univ Sc And Tech,0,0,0,0,0,0,0
48129,48129,Missouri,Fall 2021,Northwst Missouri State Univ,0,0,0,0,0,0,0
48200,48200,Missouri,Fall 2021,Ozarks Techl Cmnty College,0,0,0,0,0,0,0
48242,48242,Missouri,Fall 2021,Park University,0,0,0,0,0,0,0
48272,48272,Missouri,Fall 2021,Southwst Baptist University,0,0,0,0,0,0,0
48292,48292,Missouri,Fall 2021,St Charles Cmty College,0,0,0,0,0,0,0
48308,48308,Missouri,Fall 2021,St Louis Cc At Wildwood,0,0,0,0,0,0,0
48322,48322,Missouri,Fall 2021,St Louis Cmty Colg Forest Pk,0,0,0,0,0,0,0
48342,48342,Missouri,Fall 2021,St Louis Cmty Coll Flor Vly,0,0,0,0,0,0,0
48357,48357,Missouri,Fall 2021,St Louis Cmty Coll Meramec,0,0,0,0,0,0,0
48409,48409,Missouri,Fall 2021,St Louis University Mo,0,0,0,0,0,0,0
48527,48527,Missouri,Fall 2021,Truman State University,0,0,0,0,0,0,0
48560,48560,Missouri,Fall 2021,Univ Missouri Columbia*,0,0,0,0,0,0,0
48694,48694,Missouri,Fall 2021,Univ Missouri Kansas City,0,0,0,0,0,0,0
48729,48729,Missouri,Fall 2021,Univ Missouri St Louis,0,0,0,0,0,0,0
48820,48820,Missouri,Fall 2021,Washington Univ in St. Louis,0,0,0,0,0,0,0
48877,48877,Missouri,Fall 2021,Wentworth Military Acdmy Colg,0,0,0,0,0,0,0
48908,48908,Missouri,Fall 2021,Westminster College Mo,0,0,0,0,0,0,0
48927,48927,Montana,Fall 2021,Flathead Valley Cmty College,0,0,0,0,0,0,0
48953,48953,Montana,Fall 2021,Montana State Univ Bozeman,0,0,0,0,0,0,0
49005,49005,Montana,Fall 2021,Montana Tech Of Univ Montana,0,0,0,0,0,0,0
49015,49015,Montana,Fall 2021,Univ Montana,0,0,0,0,0,0,0
49078,49078,Nebraska,Fall 2021,Concordia University Ne,0,0,0,0,0,0,0
49104,49104,Nebraska,Fall 2021,Metropolitan Cmty College Ne,0,0,0,0,0,0,0
49125,49125,Nebraska,Fall 2021,Nebraska Wesleyan University,0,0,0,0,0,0,0
49180,49180,Nebraska,Fall 2021,Univ Nebraska Lincoln*,0,0,0,0,0,0,0
49272,49272,Nebraska,Fall 2021,Univ Nebraska Omaha,0,0,0,0,0,0,0
49369,49369,Nevada,Fall 2021,College Of Southern Nevada,0,0,0,0,0,0,0
49386,49386,Nevada,Fall 2021,Truckee Meadows Cmty College,0,0,0,0,0,0,0
49420,49420,Nevada,Fall 2021,Univ Nevada Las Vegas,0,0,0,0,0,0,0
49484,49484,Nevada,Fall 2021,Univ Nevada Reno*,0,0,0,0,0,0,0
49520,49520,Nevada,Fall 2021,Western Nevada College,0,0,0,0,0,0,0
49545,49545,New Hampshire,Fall 2021,Daniel Webster College,0,0,0,0,0,0,0
49598,49598,New Hampshire,Fall 2021,Great Bay Community College,0,0,0,0,0,0,0
49610,49610,New Hampshire,Fall 2021,Manchester Comm College - NH,0,0,0,0,0,0,0
49622,49622,New Hampshire,Fall 2021,Nhit Concord'S Community Colg,0,0,0,0,0,0,0
49724,49724,New Hampshire,Fall 2021,Univ New Hampshire Durham,0,0,0,0,0,0,0
49813,49813,New Hampshire,Fall 2021,Univ New Hampshire Manchester,0,0,0,0,0,0,0
49853,49853,New Jersey,Fall 2021,Bergen Community College,0,0,0,0,0,0,0
49945,49945,New Jersey,Fall 2021,Bloomfield College,0,0,0,0,0,0,0
49963,49963,New Jersey,Fall 2021,Brookdale Cmty College,0,0,0,0,0,0,0
50019,50019,New Jersey,Fall 2021,Camden County College,0,0,0,0,0,0,0
50101,50101,New Jersey,Fall 2021,County College Morris,0,0,0,0,0,0,0
50150,50150,New Jersey,Fall 2021,Essex County College,0,0,0,0,0,0,0
50219,50219,New Jersey,Fall 2021,Fairleigh Dickinson U Madison,0,0,0,0,0,0,0
50253,50253,New Jersey,Fall 2021,Fairleigh Dickinson U Teaneck,0,0,0,0,0,0,0
50294,50294,New Jersey,Fall 2021,Hudson Co Cmty College,0,0,0,0,0,0,0
50316,50316,New Jersey,Fall 2021,Mercer County Cmty College,0,0,0,0,0,0,0
50374,50374,New Jersey,Fall 2021,Middlesex County College,0,0,0,0,0,0,0
50467,50467,New Jersey,Fall 2021,New Jersey Institute Tech,0,0,0,0,0,0,0
50578,50578,New Jersey,Fall 2021,Ocean County College,0,0,0,0,0,0,0
50592,50592,New Jersey,Fall 2021,Passaic County Community Coll*,0,0,0,0,0,0,0
50642,50642,New Jersey,Fall 2021,Princeton University,0,0,0,0,0,0,0
50645,50645,New Jersey,Fall 2021,Raritan Valley Cmty College,0,0,0,0,0,0,0
50706,50706,New Jersey,Fall 2021,Rider University,0,0,0,0,0,0,0
50726,50726,New Jersey,Fall 2021,Rowan At Burlington County Col,0,0,0,0,0,0,0
50769,50769,New Jersey,Fall 2021,Rowan Colg At Gloucester Cnty,0,0,0,0,0,0,0
50790,50790,New Jersey,Fall 2021,Rowan University,0,0,0,0,0,0,0
50831,50831,New Jersey,Fall 2021,Rutgers University,0,0,0,0,0,0,0
51056,51056,New Jersey,Fall 2021,Seton Hall University,0,0,0,0,0,0,0
51147,51147,New Jersey,Fall 2021,Stevens Institute Tech,0,0,0,0,0,0,0
51185,51185,New Jersey,Fall 2021,Stockton University,0,0,0,0,0,0,0
51192,51192,New Jersey,Fall 2021,Sussex County Cmnty College,0,0,0,0,0,0,0
51215,51215,New Jersey,Fall 2021,Thomas Edison State University,0,0,0,0,0,0,0
51239,51239,New Jersey,Fall 2021,Union County College,0,0,0,0,0,0,0
51324,51324,New Mexico,Fall 2021,Central New Mexico Cc-Main Cmp,0,0,0,0,0,0,0
51396,51396,New Mexico,Fall 2021,Eastern New Mexico Univ-Main,0,0,0,0,0,0,0
51399,51399,New Mexico,Fall 2021,New Mexico Inst Mining & Tech,0,0,0,0,0,0,0
51516,51516,New Mexico,Fall 2021,New Mexico Military Institute,0,0,0,0,0,0,0
51557,51557,New Mexico,Fall 2021,New Mexico State U-Univ Park,0,0,0,0,0,0,0
51585,51585,New Mexico,Fall 2021,San Juan College,0,0,0,0,0,0,0
51602,51602,New Mexico,Fall 2021,Univ New Mexico Albuquerque,0,0,0,0,0,0,0
51650,51650,New York,Fall 2021,American University Cairo,0,0,0,0,0,0,0
51850,51850,New York,Fall 2021,American University Of Beirut,0,0,0,0,0,0,0
51979,51979,New York,Fall 2021,Lebanese American University,0,0,0,0,0,0,0
52033,52033,New York,Fall 2021,Alfred University,0,0,0,0,0,0,0
52071,52071,New York,Fall 2021,Bard College,0,0,0,0,0,0,0
52156,52156,New York,Fall 2021,Barnard College,0,0,0,0,0,0,0
52253,52253,New York,Fall 2021,CUNY Baruch College,0,0,0,0,0,0,0
52265,52265,New York,Fall 2021,CUNY Borough Manhattan CC,0,0,0,0,0,0,0
52371,52371,New York,Fall 2021,CUNY Bronx Comm College,0,0,0,0,0,0,0
52397,52397,New York,Fall 2021,CUNY Brooklyn College,0,0,0,0,0,0,0
52416,52416,New York,Fall 2021,CUNY College of Staten Island,0,0,0,0,0,0,0
52446,52446,New York,Fall 2021,CUNY Hunter College,0,0,0,0,0,0,0
52485,52485,New York,Fall 2021,CUNY Kingsborough Comm College,0,0,0,0,0,0,0
52571,52571,New York,Fall 2021,CUNY Laguardia Comm College,0,0,0,0,0,0,0
52609,52609,New York,Fall 2021,CUNY Medgar Evers College,0,0,0,0,0,0,0
52692,52692,New York,Fall 2021,CUNY NYC College of Technology,0,0,0,0,0,0,0
52732,52732,New York,Fall 2021,CUNY Queens College,0,0,0,0,0,0,0
52756,52756,New York,Fall 2021,CUNY Queensborough CC,0,0,0,0,0,0,0
52864,52864,New York,Fall 2021,CUNY The City College,0,0,0,0,0,0,0
52940,52940,New York,Fall 2021,CUNY- Hostos Community College,0,0,0,0,0,0,0
52967,52967,New York,Fall 2021,Canisius College,0,0,0,0,0,0,0
52995,52995,New York,Fall 2021,Clarkson University,0,0,0,0,0,0,0
53060,53060,New York,Fall 2021,Colgate University,0,0,0,0,0,0,0
53078,53078,New York,Fall 2021,Columbia Univ-New York City,0,0,0,0,0,0,0
53180,53180,New York,Fall 2021,Concordia College New York,0,0,0,0,0,0,0
53209,53209,New York,Fall 2021,Cooper Union,0,0,0,0,0,0,0
53232,53232,New York,Fall 2021,Cornell University,0,0,0,0,0,0,0
53456,53456,New York,Fall 2021,Corning Cmty College,0,0,0,0,0,0,0
53546,53546,New York,Fall 2021,Dutchess Comm Coll - SUNY,0,0,0,0,0,0,0
53606,53606,New York,Fall 2021,Erie Cmty Coll City Campus,0,0,0,0,0,0,0
53634,53634,New York,Fall 2021,Finger Lakes Cmty College,0,0,0,0,0,0,0
53669,53669,New York,Fall 2021,Fordham University,0,0,0,0,0,0,0
53751,53751,New York,Fall 2021,Hamilton College Ny,0,0,0,0,0,0,0
53775,53775,New York,Fall 2021,Herkimer Cnty Commnty College,0,0,0,0,0,0,0
53792,53792,New York,Fall 2021,Hobart/William Smith College,0,0,0,0,0,0,0
53802,53802,New York,Fall 2021,Hofstra University,0,0,0,0,0,0,0
53912,53912,New York,Fall 2021,Hudson Valley Cmty College,0,0,0,0,0,0,0
53964,53964,New York,Fall 2021,Iona College,0,0,0,0,0,0,0
53981,53981,New York,Fall 2021,Ithaca College,0,0,0,0,0,0,0
54000,54000,New York,Fall 2021,Jamestown Cmty Coll Jamestown*,0,0,0,0,0,0,0
54031,54031,New York,Fall 2021,Le Moyne College,0,0,0,0,0,0,0
54062,54062,New York,Fall 2021,Long Island Univ Post,0,0,0,0,0,0,0
54067,54067,New York,Fall 2021,Manhattan College,0,0,0,0,0,0,0
54125,54125,New York,Fall 2021,Mohawk Valley Cmty College,0,0,0,0,0,0,0
54169,54169,New York,Fall 2021,Monroe Community College,0,0,0,0,0,0,0
54258,54258,New York,Fall 2021,Nassau Cmty College,0,0,0,0,0,0,0
54350,54350,New York,Fall 2021,New York Inst Of Techlgy,0,0,0,0,0,0,0
54381,54381,New York,Fall 2021,New York University,0,0,0,0,0,0,0
54600,54600,New York,Fall 2021,North Country Cmty College,0,0,0,0,0,0,0
54689,54689,New York,Fall 2021,Onondaga Cmty College,0,0,0,0,0,0,0
54751,54751,New York,Fall 2021,Pace Univ New York City*,0,0,0,0,0,0,0
54782,54782,New York,Fall 2021,Polytechnic Institute Of Nyu*,0,0,0,0,0,0,0
54834,54834,New York,Fall 2021,Rensselaer Polytechnic Inst,0,0,0,0,0,0,0
55038,55038,New York,Fall 2021,Rochester Institute Technology,0,0,0,0,0,0,0
55182,55182,New York,Fall 2021,Rockland Community College,0,0,0,0,0,0,0
55301,55301,New York,Fall 2021,SUNY Binghamton,0,0,0,0,0,0,0
55441,55441,New York,Fall 2021,SUNY Broome Comm College,0,0,0,0,0,0,0
55478,55478,New York,Fall 2021,SUNY Center Albany,0,0,0,0,0,0,0
55552,55552,New York,Fall 2021,SUNY Purchase College,0,0,0,0,0,0,0
55569,55569,New York,Fall 2021,SUNY University at Buffalo,0,0,0,0,0,0,0
55747,55747,New York,Fall 2021,SUNY  Orange County Comm Coll,0,0,0,0,0,0,0
55797,55797,New York,Fall 2021,Skidmore College,0,0,0,0,0,0,0
55813,55813,New York,Fall 2021,St Bonaventure University,0,0,0,0,0,0,0
55819,55819,New York,Fall 2021,St Francis College Ny,0,0,0,0,0,0,0
55858,55858,New York,Fall 2021,St Johns Univ Staten Island,0,0,0,0,0,0,0
55892,55892,New York,Fall 2021,Stony Brook University SUNY,0,0,0,0,0,0,0
55987,55987,New York,Fall 2021,Suffolk County Cmnty College,0,0,0,0,0,0,0
56080,56080,New York,Fall 2021,Suny Colg Geneseo,0,0,0,0,0,0,0
56084,56084,New York,Fall 2021,Suny Coll Envrnmntl Sci Frstry,0,0,0,0,0,0,0
56120,56120,New York,Fall 2021,Suny Coll Fredonia,0,0,0,0,0,0,0
56230,56230,New York,Fall 2021,Suny Coll Oswego,0,0,0,0,0,0,0
56278,56278,New York,Fall 2021,Suny Farmingdale,0,0,0,0,0,0,0
56343,56343,New York,Fall 2021,Suny Plattsburgh,0,0,0,0,0,0,0
56377,56377,New York,Fall 2021,Syracuse University,0,0,0,0,0,0,0
56496,56496,New York,Fall 2021,The New School -New York,0,0,0,0,0,0,0
56520,56520,New York,Fall 2021,Tompkins Cortland Cmty College,0,0,0,0,0,0,0
56536,56536,New York,Fall 2021,Union College,0,0,0,0,0,0,0
56582,56582,New York,Fall 2021,United States Military Academy,0,0,0,0,0,0,0
56830,56830,New York,Fall 2021,Univ Rochester,0,0,0,0,0,0,0
56905,56905,New York,Fall 2021,Westchester Community College,0,0,0,0,0,0,0
56978,56978,North Carolina,Fall 2021,Alamance Cmty College,0,0,0,0,0,0,0
57010,57010,North Carolina,Fall 2021,Appalachian State University,0,0,0,0,0,0,0
57180,57180,North Carolina,Fall 2021,Asheville-Buncombe Tech Cmty C,0,0,0,0,0,0,0
57198,57198,North Carolina,Fall 2021,Belmont Abbey College,0,0,0,0,0,0,0
57212,57212,North Carolina,Fall 2021,Blue Ridge Cmty Coll Nc,0,0,0,0,0,0,0
57259,57259,North Carolina,Fall 2021,Brevard College*,0,0,0,0,0,0,0
57295,57295,North Carolina,Fall 2021,Brunswick Cmty College,0,0,0,0,0,0,0
57344,57344,North Carolina,Fall 2021,Caldwell Cmty Coll Tech Inst,0,0,0,0,0,0,0
57359,57359,North Carolina,Fall 2021,Campbell University,0,0,0,0,0,0,0
57406,57406,North Carolina,Fall 2021,Cape Fear Community College,0,0,0,0,0,0,0
57463,57463,North Carolina,Fall 2021,Catawba Valley Cmty College,0,0,0,0,0,0,0
57529,57529,North Carolina,Fall 2021,Central Piedmont Cmty Coll,0,0,0,0,0,0,0
57597,57597,North Carolina,Fall 2021,Centrl Carolina Cmty College,0,0,0,0,0,0,0
57640,57640,North Carolina,Fall 2021,Coastal Carolina Cmty College,0,0,0,0,0,0,0
57652,57652,North Carolina,Fall 2021,College Of The Albemarle,0,0,0,0,0,0,0
57684,57684,North Carolina,Fall 2021,Craven Cmty College,0,0,0,0,0,0,0
57724,57724,North Carolina,Fall 2021,Davidson College,0,0,0,0,0,0,0
57771,57771,North Carolina,Fall 2021,Davidson County Cmnty College,0,0,0,0,0,0,0
57787,57787,North Carolina,Fall 2021,Duke University,0,0,0,0,0,0,0
57940,57940,North Carolina,Fall 2021,Durham Tech Cmty College,0,0,0,0,0,0,0
57992,57992,North Carolina,Fall 2021,East Carolina University*,0,0,0,0,0,0,0
58119,58119,North Carolina,Fall 2021,Elon University,0,0,0,0,0,0,0
58350,58350,North Carolina,Fall 2021,Fayetteville State University,0,0,0,0,0,0,0
58418,58418,North Carolina,Fall 2021,Forsyth Tech Cmty College,0,0,0,0,0,0,0
58445,58445,North Carolina,Fall 2021,Gardner-Webb University,0,0,0,0,0,0,0
58497,58497,North Carolina,Fall 2021,Gaston College,0,0,0,0,0,0,0
58515,58515,North Carolina,Fall 2021,Guilford College,0,0,0,0,0,0,0
58658,58658,North Carolina,Fall 2021,High Point University,0,0,0,0,0,0,0
58729,58729,North Carolina,Fall 2021,Isothermal Cmty College,0,0,0,0,0,0,0
58747,58747,North Carolina,Fall 2021,Johnston Cmty College,0,0,0,0,0,0,0
58769,58769,North Carolina,Fall 2021,Lenoir Cmty College,0,0,0,0,0,0,0
58834,58834,North Carolina,Fall 2021,Lenoir-Rhyne University,0,0,0,0,0,0,0
58855,58855,North Carolina,Fall 2021,Mars Hill University,0,0,0,0,0,0,0
58873,58873,North Carolina,Fall 2021,Meredith College,0,0,0,0,0,0,0
58907,58907,North Carolina,Fall 2021,Mitchell Comm College,0,0,0,0,0,0,0
59008,59008,North Carolina,Fall 2021,North Car Agr Tech State Univ,0,0,0,0,0,0,0
59114,59114,North Carolina,Fall 2021,North Car Central University,0,0,0,0,0,0,0
59164,59164,North Carolina,Fall 2021,North Carolina State Univ,0,0,0,0,0,0,0
59513,59513,North Carolina,Fall 2021,North Carolina Wesleyan Colg,0,0,0,0,0,0,0
59518,59518,North Carolina,Fall 2021,Pfeiffer University,0,0,0,0,0,0,0
59535,59535,North Carolina,Fall 2021,Pitt Community College,0,0,0,0,0,0,0
59560,59560,North Carolina,Fall 2021,Queens University Charlotte,0,0,0,0,0,0,0
59710,59710,North Carolina,Fall 2021,St Andrews University,0,0,0,0,0,0,0
59717,59717,North Carolina,Fall 2021,St Augustines College,0,0,0,0,0,0,0
59776,59776,North Carolina,Fall 2021,Univ North Carolina Asheville,0,0,0,0,0,0,0
59886,59886,North Carolina,Fall 2021,Univ North Carolina Chapel Hl,0,0,0,0,0,0,0
60142,60142,North Carolina,Fall 2021,Univ North Carolina Charlotte,0,0,0,0,0,0,0
60279,60279,North Carolina,Fall 2021,Univ North Carolina Greensboro,0,0,0,0,0,0,0
60405,60405,North Carolina,Fall 2021,Univ North Carolina Wilmington,0,0,0,0,0,0,0
60484,60484,North Carolina,Fall 2021,Wake Forest University,0,0,0,0,0,0,0
60545,60545,North Carolina,Fall 2021,Wake Technical College,0,0,0,0,0,0,0
60671,60671,North Carolina,Fall 2021,Warren Wilson College,0,0,0,0,0,0,0
60681,60681,North Carolina,Fall 2021,Wayne Community College,0,0,0,0,0,0,0
60737,60737,North Carolina,Fall 2021,Western Piedmont Community C,0,0,0,0,0,0,0
60783,60783,North Dakota,Fall 2021,Bismarck State College,0,0,0,0,0,0,0
60809,60809,North Dakota,Fall 2021,North Dakota St U Fargo,0,0,0,0,0,0,0
60821,60821,North Dakota,Fall 2021,Univ North Dakota Grand Forks*,0,0,0,0,0,0,0
60854,60854,North Dakota,Fall 2021,University Of Mary,0,0,0,0,0,0,0
60862,60862,Ohio,Fall 2021,Baldwin Wallace University,0,0,0,0,0,0,0
60875,60875,Ohio,Fall 2021,Bowling Green State University,0,0,0,0,0,0,0
60904,60904,Ohio,Fall 2021,Case Western Reserve Univ,0,0,0,0,0,0,0
61031,61031,Ohio,Fall 2021,Cedarville University,0,0,0,0,0,0,0
61062,61062,Ohio,Fall 2021,Clark State Cmty College,0,0,0,0,0,0,0
61084,61084,Ohio,Fall 2021,Cleveland State University,0,0,0,0,0,0,0
61133,61133,Ohio,Fall 2021,College Of Wooster,0,0,0,0,0,0,0
61143,61143,Ohio,Fall 2021,Columbus State Cmty College,0,0,0,0,0,0,0
61224,61224,Ohio,Fall 2021,Cuyahoga C C Metropolitan,0,0,0,0,0,0,0
61297,61297,Ohio,Fall 2021,Cuyahoga Cmnty Colg Eastern,0,0,0,0,0,0,0
61380,61380,Ohio,Fall 2021,Cuyahoga Cmnty Colg Western Cm,0,0,0,0,0,0,0
61450,61450,Ohio,Fall 2021,Cuyahoga Cmnty Colg Westshore,0,0,0,0,0,0,0
61462,61462,Ohio,Fall 2021,Denison University,0,0,0,0,0,0,0
61479,61479,Ohio,Fall 2021,Edison State Cmty College,0,0,0,0,0,0,0
61536,61536,Ohio,Fall 2021,John Carroll University,0,0,0,0,0,0,0
61571,61571,Ohio,Fall 2021,Kent State University,0,0,0,0,0,0,0
61574,61574,Ohio,Fall 2021,Kenyon College,0,0,0,0,0,0,0
61623,61623,Ohio,Fall 2021,Lakeland Cmty College,0,0,0,0,0,0,0
61663,61663,Ohio,Fall 2021,Lorain Co Cmty College,0,0,0,0,0,0,0
61699,61699,Ohio,Fall 2021,Marietta College,0,0,0,0,0,0,0
61722,61722,Ohio,Fall 2021,Miami University,0,0,0,0,0,0,0
61856,61856,Ohio,Fall 2021,Muskingum University,0,0,0,0,0,0,0
61880,61880,Ohio,Fall 2021,Oberlin College,0,0,0,0,0,0,0
61912,61912,Ohio,Fall 2021,Ohio Northern University,0,0,0,0,0,0,0
61945,61945,Ohio,Fall 2021,Ohio State Univ Columbus,0,0,0,0,0,0,0
62311,62311,Ohio,Fall 2021,Ohio Univ Athens,0,0,0,0,0,0,0
62392,62392,Ohio,Fall 2021,Ohio Wesleyan University,0,0,0,0,0,0,0
62450,62450,Ohio,Fall 2021,Owens Community College,0,0,0,0,0,0,0
62475,62475,Ohio,Fall 2021,Sinclair Community College,0,0,0,0,0,0,0
62540,62540,Ohio,Fall 2021,Southrn State Cmty College,0,0,0,0,0,0,0
62564,62564,Ohio,Fall 2021,Univ Cincinnati,0,0,0,0,0,0,0
62638,62638,Ohio,Fall 2021,Univ Rio Grande,0,0,0,0,0,0,0
62669,62669,Ohio,Fall 2021,University Of Akron,0,0,0,0,0,0,0
62760,62760,Ohio,Fall 2021,University Of Dayton,0,0,0,0,0,0,0
62793,62793,Ohio,Fall 2021,University of Toledo,0,0,0,0,0,0,0
62816,62816,Ohio,Fall 2021,Wittenberg University,0,0,0,0,0,0,0
62872,62872,Ohio,Fall 2021,Wright State University Daytn*,0,0,0,0,0,0,0
62896,62896,Ohio,Fall 2021,Xavier University,0,0,0,0,0,0,0
62981,62981,Ohio,Fall 2021,Youngstown State University,0,0,0,0,0,0,0
63053,63053,Oklahoma,Fall 2021,Murray State College,0,0,0,0,0,0,0
63073,63073,Oklahoma,Fall 2021,Oklahoma Baptist University,0,0,0,0,0,0,0
63172,63172,Oklahoma,Fall 2021,Oklahoma City Cmty College,0,0,0,0,0,0,0
63197,63197,Oklahoma,Fall 2021,Oklahoma State Univ Stillwater,0,0,0,0,0,0,0
63245,63245,Oklahoma,Fall 2021,Oklahoma Wesleyan Univ,0,0,0,0,0,0,0
63271,63271,Oklahoma,Fall 2021,Oral Roberts University,0,0,0,0,0,0,0
63311,63311,Oklahoma,Fall 2021,Redlands Community College,0,0,0,0,0,0,0
63341,63341,Oklahoma,Fall 2021,Univ Centrl Oklahoma,0,0,0,0,0,0,0
63400,63400,Oklahoma,Fall 2021,Univ Of Oklahoma,0,0,0,0,0,0,0
63512,63512,Oregon,Fall 2021,Central Oregon Community Colg,0,0,0,0,0,0,0
63535,63535,Oregon,Fall 2021,Chemeketa Cmty College,0,0,0,0,0,0,0
63561,63561,Oregon,Fall 2021,Clackamas Cmty College,0,0,0,0,0,0,0
63575,63575,Oregon,Fall 2021,Concordia University Or,0,0,0,0,0,0,0
63589,63589,Oregon,Fall 2021,Lane Cmty College,0,0,0,0,0,0,0
63621,63621,Oregon,Fall 2021,Mount Hood Cmty College,0,0,0,0,0,0,0
63681,63681,Oregon,Fall 2021,Oregon Institute Of Technology,0,0,0,0,0,0,0
63699,63699,Oregon,Fall 2021,Oregon State University,0,0,0,0,0,0,0
63776,63776,Oregon,Fall 2021,Portland Cmty College,0,0,0,0,0,0,0
63795,63795,Oregon,Fall 2021,Portland State University,0,0,0,0,0,0,0
63860,63860,Oregon,Fall 2021,Reed College,0,0,0,0,0,0,0
63922,63922,Oregon,Fall 2021,Southwstrn Oregon Cmty College,0,0,0,0,0,0,0
63976,63976,Oregon,Fall 2021,Univ Oregon,0,0,0,0,0,0,0
64009,64009,Oregon,Fall 2021,Willamette University,0,0,0,0,0,0,0
64023,64023,Pennsylvania,Fall 2021,Albright College,0,0,0,0,0,0,0
64069,64069,Pennsylvania,Fall 2021,Allegheny College,0,0,0,0,0,0,0
64117,64117,Pennsylvania,Fall 2021,Bloomsburg Univ Of Pa,0,0,0,0,0,0,0
64143,64143,Pennsylvania,Fall 2021,Bryn Athyn College,0,0,0,0,0,0,0
64199,64199,Pennsylvania,Fall 2021,Bryn Mawr College,0,0,0,0,0,0,0
64225,64225,Pennsylvania,Fall 2021,Bucknell University,0,0,0,0,0,0,0
64274,64274,Pennsylvania,Fall 2021,Bucks County Cmty College,0,0,0,0,0,0,0
64301,64301,Pennsylvania,Fall 2021,Butler County Cmty Coll Pa,0,0,0,0,0,0,0
64333,64333,Pennsylvania,Fall 2021,Carnegie Mellon University,0,0,0,0,0,0,0
64493,64493,Pennsylvania,Fall 2021,Cmnty Colg Alleghny Cnty North,0,0,0,0,0,0,0
64542,64542,Pennsylvania,Fall 2021,Cmnty Colg Beaver County,0,0,0,0,0,0,0
64558,64558,Pennsylvania,Fall 2021,Comm Coll Allegheny Cty South,0,0,0,0,0,0,0
64606,64606,Pennsylvania,Fall 2021,Community C Alleghny Co Alghny,0,0,0,0,0,0,0
64653,64653,Pennsylvania,Fall 2021,Community Colg Of Philadelphia,0,0,0,0,0,0,0
64715,64715,Pennsylvania,Fall 2021,Delaware Co Cmty College,0,0,0,0,0,0,0
64765,64765,Pennsylvania,Fall 2021,Dickinson College,0,0,0,0,0,0,0
64810,64810,Pennsylvania,Fall 2021,Drexel University,0,0,0,0,0,0,0
64868,64868,Pennsylvania,Fall 2021,Duquesne University,0,0,0,0,0,0,0
64878,64878,Pennsylvania,Fall 2021,East Stroudsburg University Pa,0,0,0,0,0,0,0
64908,64908,Pennsylvania,Fall 2021,Franklin Marshall College,0,0,0,0,0,0,0
64917,64917,Pennsylvania,Fall 2021,Gannon University,0,0,0,0,0,0,0
64927,64927,Pennsylvania,Fall 2021,Gettysburg College,0,0,0,0,0,0,0
64965,64965,Pennsylvania,Fall 2021,Harrisburg Area Cmty College,0,0,0,0,0,0,0
64997,64997,Pennsylvania,Fall 2021,Indiana Univ Pennsylvania,0,0,0,0,0,0,0
65015,65015,Pennsylvania,Fall 2021,Kutztown University Of Pa,0,0,0,0,0,0,0
65067,65067,Pennsylvania,Fall 2021,La Roche College,0,0,0,0,0,0,0
65112,65112,Pennsylvania,Fall 2021,Lafayette College,0,0,0,0,0,0,0
65151,65151,Pennsylvania,Fall 2021,Lehigh Carbon Cmty Coll,0,0,0,0,0,0,0
65169,65169,Pennsylvania,Fall 2021,Lehigh University,0,0,0,0,0,0,0
65357,65357,Pennsylvania,Fall 2021,Lock Haven U Of Pennsylvania,0,0,0,0,0,0,0
65379,65379,Pennsylvania,Fall 2021,Mercyhurst University,0,0,0,0,0,0,0
65393,65393,Pennsylvania,Fall 2021,Millersville Univ Pa,0,0,0,0,0,0,0
65411,65411,Pennsylvania,Fall 2021,Montgomery County Cmnty Colg,0,0,0,0,0,0,0
65445,65445,Pennsylvania,Fall 2021,Moravian College,0,0,0,0,0,0,0
65449,65449,Pennsylvania,Fall 2021,Muhlenberg College,0,0,0,0,0,0,0
65465,65465,Pennsylvania,Fall 2021,Northampton Community College,0,0,0,0,0,0,0
65519,65519,Pennsylvania,Fall 2021,Pennsylvania State University,0,0,0,0,0,0,0
65914,65914,Pennsylvania,Fall 2021,Philadelphia University,0,0,0,0,0,0,0
65938,65938,Pennsylvania,Fall 2021,Robert Morris University Pa,0,0,0,0,0,0,0
65959,65959,Pennsylvania,Fall 2021,Saint Joseph'S University,0,0,0,0,0,0,0
65979,65979,Pennsylvania,Fall 2021,Shippensburg Univ Pa,0,0,0,0,0,0,0
66008,66008,Pennsylvania,Fall 2021,Slippery Rock Univ Pa,0,0,0,0,0,0,0
66025,66025,Pennsylvania,Fall 2021,St Vincent College,0,0,0,0,0,0,0
66034,66034,Pennsylvania,Fall 2021,Susquehanna University,0,0,0,0,0,0,0
66042,66042,Pennsylvania,Fall 2021,Swarthmore College,0,0,0,0,0,0,0
66076,66076,Pennsylvania,Fall 2021,Temple University,0,0,0,0,0,0,0
66163,66163,Pennsylvania,Fall 2021,Univ Pennsylvania Undrgrd Adm,0,0,0,0,0,0,0
66257,66257,Pennsylvania,Fall 2021,Univ Pittsburgh Bradford,0,0,0,0,0,0,0
66275,66275,Pennsylvania,Fall 2021,Univ Pittsburgh Johnstown,0,0,0,0,0,0,0
66283,66283,Pennsylvania,Fall 2021,Univ Pittsburgh Pittsburgh*,0,0,0,0,0,0,0
66392,66392,Pennsylvania,Fall 2021,Univ of Pittsburgh-Gnstd*,0,0,0,0,0,0,0
66436,66436,Pennsylvania,Fall 2021,Villanova University,0,0,0,0,0,0,0
66487,66487,Pennsylvania,Fall 2021,Washington And Jefferson Coll,0,0,0,0,0,0,0
66501,66501,Pennsylvania,Fall 2021,West Chester University Pa,0,0,0,0,0,0,0
66531,66531,Pennsylvania,Fall 2021,Westmoreland Co Cmty College,0,0,0,0,0,0,0
66591,66591,Pennsylvania,Fall 2021,Wilkes University,0,0,0,0,0,0,0
66640,66640,Pennsylvania,Fall 2021,York Coll Of Pa,0,0,0,0,0,0,0
66687,66687,Puerto Rico,Fall 2021,Inter Amer Univ-Puerto Rico,0,0,0,0,0,0,0
66701,66701,Puerto Rico,Fall 2021,Polytechnic Inst-Puerto Rico,0,0,0,0,0,0,0
66712,66712,Puerto Rico,Fall 2021,Polytechnic Univ-PR-Hato Rey,0,0,0,0,0,0,0
66729,66729,Puerto Rico,Fall 2021,Polytechnic Univ-PR-San Juan,0,0,0,0,0,0,0
66802,66802,Puerto Rico,Fall 2021,Univ Puerto Rico Arecibo,0,0,0,0,0,0,0
66810,66810,Puerto Rico,Fall 2021,Univ Puerto Rico Bayamon,0,0,0,0,0,0,0
66855,66855,Puerto Rico,Fall 2021,Univ Puerto Rico Mayaguez,0,0,0,0,0,0,0
66933,66933,Puerto Rico,Fall 2021,Univ of Puerto Rico-Rio Piedra,0,0,0,0,0,0,0
66957,66957,Puerto Rico,Fall 2021,Universidad De Puerto Rico*,0,0,0,0,0,0,0
66970,66970,Rhode Island,Fall 2021,Brown University,0,0,0,0,0,0,0
67067,67067,Rhode Island,Fall 2021,Bryant University,0,0,0,0,0,0,0
67079,67079,Rhode Island,Fall 2021,Community C Rhode Island,0,0,0,0,0,0,0
67152,67152,Rhode Island,Fall 2021,Providence College,0,0,0,0,0,0,0
67192,67192,Rhode Island,Fall 2021,Rhode Island College,0,0,0,0,0,0,0
67277,67277,Rhode Island,Fall 2021,Univ Rhode Island,0,0,0,0,0,0,0
67340,67340,South Carolina,Fall 2021,Aiken Technical College,0,0,0,0,0,0,0
67366,67366,South Carolina,Fall 2021,Anderson University,0,0,0,0,0,0,0
67415,67415,South Carolina,Fall 2021,Charleston Southern University,0,0,0,0,0,0,0
67456,67456,South Carolina,Fall 2021,Citadel The,0,0,0,0,0,0,0
67567,67567,South Carolina,Fall 2021,Claflin University,0,0,0,0,0,0,0
67678,67678,South Carolina,Fall 2021,Clemson University,0,0,0,0,0,0,0
68325,68325,South Carolina,Fall 2021,Coastal Carolina University,0,0,0,0,0,0,0
68375,68375,South Carolina,Fall 2021,Coll Charleston,0,0,0,0,0,0,0
68467,68467,South Carolina,Fall 2021,Francis Marion University,0,0,0,0,0,0,0
68497,68497,South Carolina,Fall 2021,Furman University,0,0,0,0,0,0,0
68660,68660,South Carolina,Fall 2021,Greenville Tech College,0,0,0,0,0,0,0
68721,68721,South Carolina,Fall 2021,Horry-Georgtown Tech College,0,0,0,0,0,0,0
68746,68746,South Carolina,Fall 2021,Lander University,0,0,0,0,0,0,0
68769,68769,South Carolina,Fall 2021,Midlands Tech College,0,0,0,0,0,0,0
68865,68865,South Carolina,Fall 2021,Piedmont Tech College Sc,0,0,0,0,0,0,0
68885,68885,South Carolina,Fall 2021,Presbyterian College,0,0,0,0,0,0,0
69009,69009,South Carolina,Fall 2021,Sc State University,0,0,0,0,0,0,0
69152,69152,South Carolina,Fall 2021,Trident Tech College North,0,0,0,0,0,0,0
69240,69240,South Carolina,Fall 2021,Univ South Carolina Aiken,0,0,0,0,0,0,0
69403,69403,South Carolina,Fall 2021,Univ South Carolina Beaufort,0,0,0,0,0,0,0
69506,69506,South Carolina,Fall 2021,Univ South Carolina Columbia*,0,0,0,0,0,0,0
69770,69770,South Carolina,Fall 2021,Univ South Carolina Sumter,0,0,0,0,0,0,0
69831,69831,South Carolina,Fall 2021,Univ South Carolina Upstate,0,0,0,0,0,0,0
69938,69938,South Carolina,Fall 2021,Winthrop University,0,0,0,0,0,0,0
69962,69962,South Carolina,Fall 2021,Wofford College,0,0,0,0,0,0,0
70074,70074,South Dakota,Fall 2021,Univ South Dakota Vermillion*,0,0,0,0,0,0,0
70122,70122,Tennessee,Fall 2021,Austin Peay State University,0,0,0,0,0,0,0
70214,70214,Tennessee,Fall 2021,Bethel University,0,0,0,0,0,0,0
70263,70263,Tennessee,Fall 2021,Chattanooga State Tech Cmty Cl,0,0,0,0,0,0,0
70462,70462,Tennessee,Fall 2021,Columbia State Comm College,0,0,0,0,0,0,0
70502,70502,Tennessee,Fall 2021,East Tennessee State Univ,0,0,0,0,0,0,0
70607,70607,Tennessee,Fall 2021,Freed-Hardeman University,0,0,0,0,0,0,0
70672,70672,Tennessee,Fall 2021,Jackson State Cmty Coll,0,0,0,0,0,0,0
70680,70680,Tennessee,Fall 2021,King College,0,0,0,0,0,0,0
70704,70704,Tennessee,Fall 2021,Lee University,0,0,0,0,0,0,0
70798,70798,Tennessee,Fall 2021,Lipscomb University,0,0,0,0,0,0,0
70821,70821,Tennessee,Fall 2021,Maryville College,0,0,0,0,0,0,0
70945,70945,Tennessee,Fall 2021,Middle Tennessee State Univ,0,0,0,0,0,0,0
71058,71058,Tennessee,Fall 2021,Nashville State Community Coll,0,0,0,0,0,0,0
71110,71110,Tennessee,Fall 2021,Northeast State Community Colg,0,0,0,0,0,0,0
71125,71125,Tennessee,Fall 2021,Pellissippi St Tech Cmty Coll,0,0,0,0,0,0,0
71227,71227,Tennessee,Fall 2021,Rhodes College,0,0,0,0,0,0,0
71279,71279,Tennessee,Fall 2021,Roane State Cmty College,0,0,0,0,0,0,0
71327,71327,Tennessee,Fall 2021,Southern Adventist University,0,0,0,0,0,0,0
71574,71574,Tennessee,Fall 2021,Tennessee State University,0,0,0,0,0,0,0
71649,71649,Tennessee,Fall 2021,Tennessee Tech University,0,0,0,0,0,0,0
71762,71762,Tennessee,Fall 2021,Tennessee Temple University*,0,0,0,0,0,0,0
71768,71768,Tennessee,Fall 2021,Tusculum College,0,0,0,0,0,0,0
71798,71798,Tennessee,Fall 2021,Union University,0,0,0,0,0,0,0
71842,71842,Tennessee,Fall 2021,Univ Tennessee Chattanooga,0,0,0,0,0,0,0
72004,72004,Tennessee,Fall 2021,Univ Tennessee Knoxville,0,0,0,0,0,0,0
72215,72215,Tennessee,Fall 2021,Univ Tennessee Martin,0,0,0,0,0,0,0
72331,72331,Tennessee,Fall 2021,University Of Memphis,0,0,0,0,0,0,0
72396,72396,Tennessee,Fall 2021,University of the South,0,0,0,0,0,0,0
72594,72594,Tennessee,Fall 2021,Vanderbilt University,0,0,0,0,0,0,0
72648,72648,Tennessee,Fall 2021,Volunteer State Cmty College,0,0,0,0,0,0,0
72702,72702,Tennessee,Fall 2021,Walters State Cmnty College,0,0,0,0,0,0,0
72751,72751,Texas,Fall 2021,Abilene Chrstn Univ Abilene,0,0,0,0,0,0,0
72779,72779,Texas,Fall 2021,Alvin Community College,0,0,0,0,0,0,0
72809,72809,Texas,Fall 2021,Ambassador College*,0,0,0,0,0,0,0
72857,72857,Texas,Fall 2021,Angelo State University,0,0,0,0,0,0,0
72931,72931,Texas,Fall 2021,Austin Cmty College Tx,0,0,0,0,0,0,0
72966,72966,Texas,Fall 2021,Baylor University,0,0,0,0,0,0,0
73054,73054,Texas,Fall 2021,Blinn College,0,0,0,0,0,0,0
73081,73081,Texas,Fall 2021,Brookhaven College,0,0,0,0,0,0,0
73236,73236,Texas,Fall 2021,Collin Co Cmty College,0,0,0,0,0,0,0
73274,73274,Texas,Fall 2021,Dallas Baptist University,0,0,0,0,0,0,0
73299,73299,Texas,Fall 2021,Dallas County Community Coll,0,0,0,0,0,0,0
73302,73302,Texas,Fall 2021,Del Mar College,0,0,0,0,0,0,0
73326,73326,Texas,Fall 2021,Eastfield College,0,0,0,0,0,0,0
73365,73365,Texas,Fall 2021,El Centro College,0,0,0,0,0,0,0
73429,73429,Texas,Fall 2021,El Paso Cmty College Tx,0,0,0,0,0,0,0
73474,73474,Texas,Fall 2021,Houston Cmty College,0,0,0,0,0,0,0
73588,73588,Texas,Fall 2021,Huston Tillotson College,0,0,0,0,0,0,0
73619,73619,Texas,Fall 2021,Kilgore College,0,0,0,0,0,0,0
73649,73649,Texas,Fall 2021,Lamar University Beaumont,0,0,0,0,0,0,0
73665,73665,Texas,Fall 2021,Laredo Cmty College,0,0,0,0,0,0,0
73697,73697,Texas,Fall 2021,Lee College Tx,0,0,0,0,0,0,0
73737,73737,Texas,Fall 2021,Letourneau University,0,0,0,0,0,0,0
73761,73761,Texas,Fall 2021,Lone Star College,0,0,0,0,0,0,0
73855,73855,Texas,Fall 2021,Midland College,0,0,0,0,0,0,0
73881,73881,Texas,Fall 2021,Mountain View College,0,0,0,0,0,0,0
73889,73889,Texas,Fall 2021,Navarro College,0,0,0,0,0,0,0
73893,73893,Texas,Fall 2021,North Central Texas College,0,0,0,0,0,0,0
73938,73938,Texas,Fall 2021,North Lake College,0,0,0,0,0,0,0
74022,74022,Texas,Fall 2021,Northwst Vista College,0,0,0,0,0,0,0
74062,74062,Texas,Fall 2021,Rice University,0,0,0,0,0,0,0
74139,74139,Texas,Fall 2021,Richland College,0,0,0,0,0,0,0
74204,74204,Texas,Fall 2021,Saint Marys University,0,0,0,0,0,0,0
74218,74218,Texas,Fall 2021,Sam Houston State University,0,0,0,0,0,0,0
74256,74256,Texas,Fall 2021,San Antonio College,0,0,0,0,0,0,0
74280,74280,Texas,Fall 2021,San Jacinto College,0,0,0,0,0,0,0
74340,74340,Texas,Fall 2021,San Jacinto College North,0,0,0,0,0,0,0
74388,74388,Texas,Fall 2021,San Jacinto College South,0,0,0,0,0,0,0
74444,74444,Texas,Fall 2021,Schreiner University,0,0,0,0,0,0,0
74454,74454,Texas,Fall 2021,South Plains College,0,0,0,0,0,0,0
74491,74491,Texas,Fall 2021,South Texas College,0,0,0,0,0,0,0
74517,74517,Texas,Fall 2021,Southrn Methodist University,0,0,0,0,0,0,0
74608,74608,Texas,Fall 2021,Southwestern University,0,0,0,0,0,0,0
74652,74652,Texas,Fall 2021,St Edwards University,0,0,0,0,0,0,0
74714,74714,Texas,Fall 2021,Tarrant Co Colg South Campus,0,0,0,0,0,0,0
74740,74740,Texas,Fall 2021,Tarrant County College Dist,0,0,0,0,0,0,0
74760,74760,Texas,Fall 2021,Temple College*,0,0,0,0,0,0,0
74804,74804,Texas,Fall 2021,Texas A&M Univ College Sta*,0,0,0,0,0,0,0
74890,74890,Texas,Fall 2021,Texas A&M Univ Commerce,0,0,0,0,0,0,0
74927,74927,Texas,Fall 2021,Texas A&M Univ Corpus Christi,0,0,0,0,0,0,0
74936,74936,Texas,Fall 2021,Texas A&M Univ Galveston,0,0,0,0,0,0,0
74940,74940,Texas,Fall 2021,Texas A&M Univ Kingsville,0,0,0,0,0,0,0
74990,74990,Texas,Fall 2021,Texas Christian University,0,0,0,0,0,0,0
75027,75027,Texas,Fall 2021,Texas Tech University,0,0,0,0,0,0,0
75151,75151,Texas,Fall 2021,Tyler Junior College,0,0,0,0,0,0,0
75164,75164,Texas,Fall 2021,Univ Houston Clear Lake,0,0,0,0,0,0,0
75206,75206,Texas,Fall 2021,Univ Houston Downtown Campus,0,0,0,0,0,0,0
75230,75230,Texas,Fall 2021,Univ Houston Main Campus*,0,0,0,0,0,0,0
75338,75338,Texas,Fall 2021,Univ Mary Hardin-Baylor,0,0,0,0,0,0,0
75355,75355,Texas,Fall 2021,Univ North Texas,0,0,0,0,0,0,0
75463,75463,Texas,Fall 2021,Univ Of Texas At Tyler*,0,0,0,0,0,0,0
75485,75485,Texas,Fall 2021,Univ Texas Arlington,0,0,0,0,0,0,0
75589,75589,Texas,Fall 2021,Univ Texas Austin*,0,0,0,0,0,0,0
75801,75801,Texas,Fall 2021,Univ Texas Permian Basin,0,0,0,0,0,0,0
75812,75812,Texas,Fall 2021,Univ Texas San Antonio,0,0,0,0,0,0,0
75880,75880,Texas,Fall 2021,University Of Texas At Dallas,0,0,0,0,0,0,0
75940,75940,Texas,Fall 2021,University Of Texas El Paso,0,0,0,0,0,0,0
76017,76017,Texas,Fall 2021,West Texas A&M University,0,0,0,0,0,0,0
76030,76030,Texas,Fall 2021,Wharton County Junior College,0,0,0,0,0,0,0
76057,76057,Utah,Fall 2021,Brigham Young University,0,0,0,0,0,0,0
76209,76209,Utah,Fall 2021,Dixie State University,0,0,0,0,0,0,0
76290,76290,Utah,Fall 2021,Snow College,0,0,0,0,0,0,0
76320,76320,Utah,Fall 2021,Southern Utah University,0,0,0,0,0,0,0
76377,76377,Utah,Fall 2021,Univ Utah,0,0,0,0,0,0,0
76471,76471,Utah,Fall 2021,Utah State University,0,0,0,0,0,0,0
76539,76539,Utah,Fall 2021,Utah Valley University,0,0,0,0,0,0,0
76570,76570,Utah,Fall 2021,Weber State University,0,0,0,0,0,0,0
76698,76698,Vermont,Fall 2021,Univ Vermont,0,0,0,0,0,0,0
76747,76747,"Virgin Islands, U.S.",Fall 2021,Univ Virgin Islands,0,0,0,0,0,0,0
76792,76792,Virginia,Fall 2021,Blue Ridge Community College,0,0,0,0,0,0,0
76809,76809,Virginia,Fall 2021,Central Virginia Community Col,0,0,0,0,0,0,0
76868,76868,Virginia,Fall 2021,Christopher Newport University,0,0,0,0,0,0,0
76913,76913,Virginia,Fall 2021,Coll William And Mary,0,0,0,0,0,0,0
76955,76955,Virginia,Fall 2021,Danville Community College,0,0,0,0,0,0,0
76964,76964,Virginia,Fall 2021,Eastern Mennonite University,0,0,0,0,0,0,0
76992,76992,Virginia,Fall 2021,Emory & Henry College,0,0,0,0,0,0,0
77029,77029,Virginia,Fall 2021,George Mason University,0,0,0,0,0,0,0
77132,77132,Virginia,Fall 2021,Germanna Cmty College,0,0,0,0,0,0,0
77247,77247,Virginia,Fall 2021,Hollins University,0,0,0,0,0,0,0
77268,77268,Virginia,Fall 2021,James Madison University,0,0,0,0,0,0,0
77325,77325,Virginia,Fall 2021,John Tyler Cmty College,0,0,0,0,0,0,0
77371,77371,Virginia,Fall 2021,Liberty University,0,0,0,0,0,0,0
77445,77445,Virginia,Fall 2021,Longwood University,0,0,0,0,0,0,0
77486,77486,Virginia,Fall 2021,Lord Fairfax Cmty College,0,0,0,0,0,0,0
77520,77520,Virginia,Fall 2021,Mary Baldwin University,0,0,0,0,0,0,0
77552,77552,Virginia,Fall 2021,New River Cmty College,0,0,0,0,0,0,0
77611,77611,Virginia,Fall 2021,Northern Virginia Comm Colg,0,0,0,0,0,0,0
77635,77635,Virginia,Fall 2021,Northrn Virginia Cc Alexandria,0,0,0,0,0,0,0
77666,77666,Virginia,Fall 2021,Northrn Virginia Cc Annandale*,0,0,0,0,0,0,0
77933,77933,Virginia,Fall 2021,Northrn Virginia Cc Manassas,0,0,0,0,0,0,0
77952,77952,Virginia,Fall 2021,Northrn Virginia Cc Woodbridge,0,0,0,0,0,0,0
77967,77967,Virginia,Fall 2021,Old Dominion University,0,0,0,0,0,0,0
78043,78043,Virginia,Fall 2021,Patrick Henry Cmnty College,0,0,0,0,0,0,0
78077,78077,Virginia,Fall 2021,Piedmont Virginia Cmty College,0,0,0,0,0,0,0
78128,78128,Virginia,Fall 2021,Radford University,0,0,0,0,0,0,0
78166,78166,Virginia,Fall 2021,Reynolds Community College,0,0,0,0,0,0,0
78255,78255,Virginia,Fall 2021,Richard Bland College,0,0,0,0,0,0,0
78379,78379,Virginia,Fall 2021,Thomas Nelson Cmnty College,0,0,0,0,0,0,0
78470,78470,Virginia,Fall 2021,Tidewater Cmty Coll Va Beach*,0,0,0,0,0,0,0
78553,78553,Virginia,Fall 2021,Tidewater Comm Coll-Norfolk,0,0,0,0,0,0,0
78563,78563,Virginia,Fall 2021,Tidewater Community College,0,0,0,0,0,0,0
78583,78583,Virginia,Fall 2021,Univ Virginia,0,0,0,0,0,0,0
78734,78734,Virginia,Fall 2021,University Of Mary Washington,0,0,0,0,0,0,0
78755,78755,Virginia,Fall 2021,Virginia Commonwealth Univ,0,0,0,0,0,0,0
78844,78844,Virginia,Fall 2021,Virginia Military Institute,0,0,0,0,0,0,0
78880,78880,Virginia,Fall 2021,Virginia Polytech Inst St U,0,0,0,0,0,0,0
79206,79206,Virginia,Fall 2021,Virginia Western Cmnty College,0,0,0,0,0,0,0
79265,79265,Virginia,Fall 2021,Washington and Lee University,0,0,0,0,0,0,0
79350,79350,Virginia,Fall 2021,Wytheville Community College,0,0,0,0,0,0,0
79399,79399,Washington,Fall 2021,Bellevue College,0,0,0,0,0,0,0
79456,79456,Washington,Fall 2021,Cascadia College,0,0,0,0,0,0,0
79498,79498,Washington,Fall 2021,Centrl Washington University,0,0,0,0,0,0,0
79515,79515,Washington,Fall 2021,Clark College Wa,0,0,0,0,0,0,0
79603,79603,Washington,Fall 2021,Columbia Basin College,0,0,0,0,0,0,0
79729,79729,Washington,Fall 2021,Edmonds Community College,0,0,0,0,0,0,0
79815,79815,Washington,Fall 2021,Everett Community College,0,0,0,0,0,0,0
79890,79890,Washington,Fall 2021,Gonzaga University,0,0,0,0,0,0,0
79938,79938,Washington,Fall 2021,Green River Cmty College,0,0,0,0,0,0,0
80127,80127,Washington,Fall 2021,Highline College,0,0,0,0,0,0,0
80200,80200,Washington,Fall 2021,North Seattle Cmty College,0,0,0,0,0,0,0
80392,80392,Washington,Fall 2021,Olympic College,0,0,0,0,0,0,0
80420,80420,Washington,Fall 2021,Pacific Lutheran University,0,0,0,0,0,0,0
80445,80445,Washington,Fall 2021,Peninsula College,0,0,0,0,0,0,0
80468,80468,Washington,Fall 2021,Pierce College,0,0,0,0,0,0,0
80574,80574,Washington,Fall 2021,Seattle Central College,0,0,0,0,0,0,0
80723,80723,Washington,Fall 2021,Seattle Pacific University,0,0,0,0,0,0,0
80732,80732,Washington,Fall 2021,Seattle University,0,0,0,0,0,0,0
80746,80746,Washington,Fall 2021,Shoreline Cmty College,0,0,0,0,0,0,0
80883,80883,Washington,Fall 2021,Skagit Valley College,0,0,0,0,0,0,0
80907,80907,Washington,Fall 2021,South Puget Sound Cmty College,0,0,0,0,0,0,0
80932,80932,Washington,Fall 2021,South Seattle Cmty College,0,0,0,0,0,0,0
81049,81049,Washington,Fall 2021,Spokane Falls Cmty College,0,0,0,0,0,0,0
81101,81101,Washington,Fall 2021,Tacoma Cmty College,0,0,0,0,0,0,0
81186,81186,Washington,Fall 2021,Univ Washington Bothell,0,0,0,0,0,0,0
81207,81207,Washington,Fall 2021,University Of Washington,0,0,0,0,0,0,0
81299,81299,Washington,Fall 2021,Walla Walla Cmty College,0,0,0,0,0,0,0
81326,81326,Washington,Fall 2021,Walla Walla University,0,0,0,0,0,0,0
81347,81347,Washington,Fall 2021,Washington State Univ,0,0,0,0,0,0,0
81403,81403,Washington,Fall 2021,Wenatchee Valley College*,0,0,0,0,0,0,0
81484,81484,Washington,Fall 2021,Whatcom Cmty College,0,0,0,0,0,0,0
81524,81524,Washington,Fall 2021,Yakima Valley Community Coll*,0,0,0,0,0,0,0
81550,81550,West Virginia,Fall 2021,Davis & Elkins College,0,0,0,0,0,0,0
81623,81623,West Virginia,Fall 2021,Shepherd University,0,0,0,0,0,0,0
81678,81678,West Virginia,Fall 2021,West Virginia Univ Inst Tech,0,0,0,0,0,0,0
81753,81753,West Virginia,Fall 2021,West Virginia Univ Morgantown,0,0,0,0,0,0,0
81819,81819,Wisconsin,Fall 2021,Beloit College,0,0,0,0,0,0,0
81835,81835,Wisconsin,Fall 2021,Carroll University,0,0,0,0,0,0,0
81842,81842,Wisconsin,Fall 2021,Immanuel Lutheran College,0,0,0,0,0,0,0
81851,81851,Wisconsin,Fall 2021,Lakeland University,0,0,0,0,0,0,0
81907,81907,Wisconsin,Fall 2021,Madison Area Tech College,0,0,0,0,0,0,0
81934,81934,Wisconsin,Fall 2021,Marquette University,0,0,0,0,0,0,0
81986,81986,Wisconsin,Fall 2021,Milwaukee Area Technical Colg,0,0,0,0,0,0,0
82011,82011,Wisconsin,Fall 2021,Milwaukee School Engineering,0,0,0,0,0,0,0
82013,82013,Wisconsin,Fall 2021,St Norbert College,0,0,0,0,0,0,0
82016,82016,Wisconsin,Fall 2021,Univ Of Wisconsin Marathon Ctr,0,0,0,0,0,0,0
82039,82039,Wisconsin,Fall 2021,Univ Wisc Eau Claire,0,0,0,0,0,0,0
82047,82047,Wisconsin,Fall 2021,Univ Wisc Fox Valley,0,0,0,0,0,0,0
82074,82074,Wisconsin,Fall 2021,Univ Wisc Madison*,0,0,0,0,0,0,0
82177,82177,Wisconsin,Fall 2021,Univ Wisc Milwaukee,0,0,0,0,0,0,0
82267,82267,Wisconsin,Fall 2021,Univ Wisc Oshkosh,0,0,0,0,0,0,0
82353,82353,Wisconsin,Fall 2021,Univ Wisc Platteville,0,0,0,0,0,0,0
82372,82372,Wisconsin,Fall 2021,Univ Wisc Richland Center,0,0,0,0,0,0,0
82393,82393,Wisconsin,Fall 2021,Univ Wisc River Falls,0,0,0,0,0,0,0
82413,82413,Wisconsin,Fall 2021,Univ Wisc Stevens Point,0,0,0,0,0,0,0
82464,82464,Wisconsin,Fall 2021,Univ Wisc Stout/Menomonie,0,0,0,0,0,0,0
82487,82487,Wisconsin,Fall 2021,Univ Wisc Superior,0,0,0,0,0,0,0
82511,82511,Wisconsin,Fall 2021,Univ Wisc Waukesha,0,0,0,0,0,0,0
82524,82524,Wisconsin,Fall 2021,Univ Wisc Whitewater,0,0,0,0,0,0,0
82573,82573,Wisconsin,Fall 2021,University Wisconsin Colleges,0,0,0,0,0,0,0
82581,82581,Wisconsin,Fall 2021,University Wisconsin Green Bay,0,0,0,0,0,0,0
82589,82589,Wyoming,Fall 2021,Casper College,0,0,0,0,0,0,0
82619,82619,Wyoming,Fall 2021,Northwst College Wy,0,0,0,0,0,0,0
82696,82696,Wyoming,Fall 2021,Westrn Wyoming Cmty College,0,0,0,0,0,0,0
